document_id,content
cv_001,isabella wilson principal professional year experience data science field skill expertise supervised learning unsupervised learning reinforcement learning convolutional neural network recurrent neural network transformer bert gpt word embeddings topic modeling sentiment analysis named entity recognition text classification image recognition object detection professional experience created demand forecasting model reducing inventory cost percent developed customer segmentation analysis identifying high value segment built executive dashboard used suite daily education phd computational linguistics natural language processing professional summary result driven data science professional year progressive experience proven ability deliver result collaborate effectively drive continuous improvement strong communication leadership analytical skill passion innovation
cv_002,brittany johnson senior professional year experience software engineering field skill expertise java python javascript typescript react angular vue nodejs express django flask spring boot microservices rest api graphql docker kubernetes devops git agile scrum software architecture design pattern object oriented programming functional programming professional experience developed scalable microservices architecture serving million user daily reduced api response time percent led migration monolithic cloud native architecture saving percent infrastructure cost education master degree computer science software system professional summary result driven software engineering professional year progressive experience proven ability deliver result collaborate effectively drive continuous improvement strong communication leadership analytical skill passion innovation
cv_003,omar brown senior professional year experience marketing field skill expertise market research competitive analysis customer segmentation buyer persona campaign management marketing automation hubspot salesforce crm analytics google analytics content creation copywriting blog writing social medium management community management influencer marketing professional experience managed social medium account growing follower increased email open rate percent led product launch campaign generating million dollar first month revenue education master degree business administration mba marketing professional summary result driven marketing professional year progressive experience proven ability deliver result collaborate effectively drive continuous improvement strong communication leadership analytical skill passion innovation
cv_004,marcus davis senior professional year experience finance field skill expertise quantitative analysis derivative option future fixed income equity research bloomberg terminal reuters trading financial market investment banking private equity venture capital hedge fund mutual fund asset management wealth management financial advisory professional experience led team analyst producing quarterly financial report developed risk management framework adopted company wide identified investment opportunity generating percent annual return education chartered financial analyst cfa certified public accountant cpa professional summary result driven finance professional year progressive experience proven ability deliver result collaborate effectively drive continuous improvement strong communication leadership analytical skill passion innovation
cv_005,rachel martinez principal professional year experience human resource field skill expertise labor relation employment law compliance payroll administration leave management conflict resolution disciplinary procedure termination offboarding analytics people analytics employee survey culture building team building leadership development coaching mentoring professional experience reduced time hire day hired employee one year maintaining percent retention designed onboarding program increasing new hire productivity percent education master degree human resource organizational behavior professional summary result driven human resource professional year progressive experience proven ability deliver result collaborate effectively drive continuous improvement strong communication leadership analytical skill passion innovation
cv_006,yuki taylor senior professional year experience healthcare field skill expertise medical coding billing icd cpt healthcare administration hospital operation quality improvement patient safety infection control evidence based practice clinical research biostatistics public health epidemiology health policy healthcare informatics telemedicine professional experience implemented telehealth program serving patient monthly pandemic maintaining care continuity developed triage protocol reducing emergency department wait time percent education bachelor degree health science pre medicine biology professional summary result driven healthcare professional year progressive experience proven ability deliver result collaborate effectively drive continuous improvement strong communication leadership analytical skill passion innovation
cv_007,ryan anderson mid level professional year experience education field skill expertise educational psychology child development learning theory behavior management parent communication school counseling academic advising college preparation standardized testing tutoring mentoring student support service inclusive education universal design learning professional experience established tutoring program improving risk student graduation rate percent coordinated professional development teacher education bachelor degree education teaching elementary secondary professional summary result driven education professional year progressive experience proven ability deliver result collaborate effectively drive continuous improvement strong communication leadership analytical skill passion innovation
cv_008,vanessa thomas junior professional year experience sale field skill expertise sale strategy sale forecasting sale analytics competitive intelligence product knowledge technical sale demo presentation proof concept proposal writing contract negotiation sale operation sale enablement sale training coaching team leadership professional experience built enterprise sale motion scratch closing first fortune customer created scalable outbound process generating million qualified pipeline monthly education bachelor degree communication psychology professional summary result driven sale professional year progressive experience proven ability deliver result collaborate effectively drive continuous improvement strong communication leadership analytical skill passion innovation
cv_009,jeremy jackson lead professional year experience project management field skill expertise scope management requirement gathering business analysis process improvement lean six sigma quality management vendor management contract management procurement outsourcing offshore team remote team management virtual collaboration communication facilitation professional experience led digital transformation initiative modernizing legacy system affecting employee managed vendor relationship million dollar technology contract education bachelor degree engineering industrial management professional summary result driven project management professional year progressive experience proven ability deliver result collaborate effectively drive continuous improvement strong communication leadership analytical skill passion innovation
cv_010,amanda white mid level professional year experience cybersecurity field skill expertise security operation center incident response digital forensics log analysis security monitoring network traffic analysis wireshark nmap metasploit kali linux security auditing compliance pci ds iso nist framework zero trust professional experience developed security training reducing phishing success rate percent implemented cloud security control achieving iso certification education master degree information security cybersecurity network security professional summary result driven cybersecurity professional year progressive experience proven ability deliver result collaborate effectively drive continuous improvement strong communication leadership analytical skill passion innovation
cv_011,stephanie harris principal professional year experience data science field skill expertise supervised learning unsupervised learning reinforcement learning convolutional neural network recurrent neural network transformer bert gpt word embeddings topic modeling sentiment analysis named entity recognition text classification image recognition object detection professional experience created demand forecasting model reducing inventory cost percent developed customer segmentation analysis identifying high value segment built executive dashboard used suite daily education master degree applied mathematics statistic university professional summary result driven data science professional year progressive experience proven ability deliver result collaborate effectively drive continuous improvement strong communication leadership analytical skill passion innovation
cv_012,samantha martin principal professional year experience software engineering field skill expertise software testing unit testing integration testing test driven development code review refactoring performance optimization security best practice authentication authorization oauth jwt api design documentation technical writing system design distributed system professional experience built full stack web application used customer implemented pipeline reducing deployment time day hour mentored junior developer maintaining high code quality education master degree computer science software system professional summary result driven software engineering professional year progressive experience proven ability deliver result collaborate effectively drive continuous improvement strong communication leadership analytical skill passion innovation
cv_013,amber thompson mid level professional year experience marketing field skill expertise digital marketing social medium marketing content marketing email marketing search engine optimization seo search engine marketing sem google ad facebook ad instagram marketing brand management marketing strategy customer acquisition lead generation conversion optimization professional experience managed social medium account growing follower increased email open rate percent led product launch campaign generating million dollar first month revenue education bachelor degree marketing communication business administration professional summary result driven marketing professional year progressive experience proven ability deliver result collaborate effectively drive continuous improvement strong communication leadership analytical skill passion innovation
cv_014,akira garcia lead professional year experience finance field skill expertise crypto defi blockchain fintech payment processing banking regulation basel iii stress testing liquidity risk credit risk market risk operational risk model risk management esg investing sustainable finance impact investing factor investing smart beta professional experience built financial model ipo roadshow raising million dollar developed pricing model new product line improving gross margin percentage point education bachelor degree finance accounting economics professional summary result driven finance professional year progressive experience proven ability deliver result collaborate effectively drive continuous improvement strong communication leadership analytical skill passion innovation
cv_015,monica robinson principal professional year experience human resource field skill expertise total reward job architecture salary benchmarking equity compensation stock option restricted stock unit executive compensation benefit design wellness program employee experience design employer branding talent brand candidate experience glassdoor management professional experience negotiated new union contract maintaining positive labor relation implemented hris system streamlining process saving hour manual work annually education professional human resource phr senior professional human resource sphr professional summary result driven human resource professional year progressive experience proven ability deliver result collaborate effectively drive continuous improvement strong communication leadership analytical skill passion innovation
cv_016,emily lewis staff professional year experience healthcare field skill expertise patient care clinical documentation electronic health record ehr epic cerner medical terminology anatomy physiology pharmacology nursing diagnosis treatment planning medication administration vital sign monitoring patient assessment healthcare compliance hipaa professional experience led quality improvement initiative achieving joint commission accreditation without deficiency developed staffing model optimizing nurse patient ratio reducing burnout education doctor medicine physician medical school residency professional summary result driven healthcare professional year progressive experience proven ability deliver result collaborate effectively drive continuous improvement strong communication leadership analytical skill passion innovation
cv_017,kevin walker mid level professional year experience education field skill expertise curriculum development lesson planning classroom management student assessment differentiated instruction special education english language learner student engagement active learning cooperative learning project based learning technology integration professional experience established tutoring program improving risk student graduation rate percent coordinated professional development teacher education master degree special education learning disability professional summary result driven education professional year progressive experience proven ability deliver result collaborate effectively drive continuous improvement strong communication leadership analytical skill passion innovation
cv_018,layla hall principal professional year experience sale field skill expertise sale sale account management business development cold calling prospecting lead qualification sale pipeline crm salesforce hubspot sale presentation negotiation closing technique customer relationship management territory management quota achievement professional experience closed largest deal company history valued million dollar expanded existing account growing annual contract million education master degree business administration mba sale management professional summary result driven sale professional year progressive experience proven ability deliver result collaborate effectively drive continuous improvement strong communication leadership analytical skill passion innovation
cv_019,david allen mid level professional year experience project management field skill expertise scope management requirement gathering business analysis process improvement lean six sigma quality management vendor management contract management procurement outsourcing offshore team remote team management virtual collaboration communication facilitation professional experience led organizational change management major restructuring affecting employee achieving percent adoption within month new system education master degree project management mba operation management professional summary result driven project management professional year progressive experience proven ability deliver result collaborate effectively drive continuous improvement strong communication leadership analytical skill passion innovation
cv_020,neha young principal professional year experience cybersecurity field skill expertise security operation center incident response digital forensics log analysis security monitoring network traffic analysis wireshark nmap metasploit kali linux security auditing compliance pci ds iso nist framework zero trust professional experience led security architecture cloud migration ensuring zero security incident designed identity access management system employee reducing insider threat risk percent education bachelor degree computer science information security cybersecurity professional summary result driven cybersecurity professional year progressive experience proven ability deliver result collaborate effectively drive continuous improvement strong communication leadership analytical skill passion innovation
cv_021,matthew hernandez senior professional year experience data science field skill expertise data engineering apache spark kafka airflow dbt snowflake databricks data lake data mesh feature store mlflow kubeflow vertex sagemaker data quality monitoring model drift detection explainable responsible causal inference bayesian method professional experience developed machine learning model predict customer churn reducing attrition percent built recommendation system increasing user engagement percent created automated data pipeline processing million record daily education bachelor degree computer science statistic mathematics professional summary result driven data science professional year progressive experience proven ability deliver result collaborate effectively drive continuous improvement strong communication leadership analytical skill passion innovation
cv_022,carlos king principal professional year experience software engineering field skill expertise backend development frontend development full stack web development mobile development io android react native flutter database design postgresql mysql mongodb redis elasticsearch message queue kafka rabbitmq cloud service aws azure google cloud serverless function professional experience developed scalable microservices architecture serving million user daily reduced api response time percent led migration monolithic cloud native architecture saving percent infrastructure cost education master degree computer science software system professional summary result driven software engineering professional year progressive experience proven ability deliver result collaborate effectively drive continuous improvement strong communication leadership analytical skill passion innovation
cv_023,justin wright principal professional year experience marketing field skill expertise digital marketing social medium marketing content marketing email marketing search engine optimization seo search engine marketing sem google ad facebook ad instagram marketing brand management marketing strategy customer acquisition lead generation conversion optimization professional experience launched referral program acquiring new customer percent traditional cac implemented personalization engine increasing conversion rate percent education bachelor degree marketing communication business administration professional summary result driven marketing professional year progressive experience proven ability deliver result collaborate effectively drive continuous improvement strong communication leadership analytical skill passion innovation
cv_024,valentina lopez senior professional year experience finance field skill expertise corporate finance valuation discounted cash flow dcf merger acquisition due diligence risk management compliance regulatory reporting gaap ifrs auditing internal control sox compliance tax planning treasury management working capital management professional experience restructured million dollar debt facility saving million annual interest expense implemented treasury management system improving cash visibility across country education master degree finance mba business administration professional summary result driven finance professional year progressive experience proven ability deliver result collaborate effectively drive continuous improvement strong communication leadership analytical skill passion innovation
cv_025,eric hill staff professional year experience human resource field skill expertise total reward job architecture salary benchmarking equity compensation stock option restricted stock unit executive compensation benefit design wellness program employee experience design employer branding talent brand candidate experience glassdoor management professional experience implemented performance management system employee managing compensation review saving company million annually developed training program reducing turnover percent education master degree human resource organizational behavior professional summary result driven human resource professional year progressive experience proven ability deliver result collaborate effectively drive continuous improvement strong communication leadership analytical skill passion innovation
cv_026,james scott principal professional year experience healthcare field skill expertise population health management chronic disease management care coordination case management utilization review prior authorization denial management revenue cycle management value based care accountable care organization patient centered medical home professional experience conducted clinical research resulting peer reviewed publication developed patient education material improved medication adherence percent education bachelor degree health science pre medicine biology professional summary result driven healthcare professional year progressive experience proven ability deliver result collaborate effectively drive continuous improvement strong communication leadership analytical skill passion innovation
cv_027,melissa green junior professional year experience education field skill expertise curriculum development lesson planning classroom management student assessment differentiated instruction special education english language learner student engagement active learning cooperative learning project based learning technology integration professional experience designed online learning platform used student conducted action research published educational journal created inclusive classroom achieving percent student engagement education master degree education curriculum instruction educational leadership professional summary result driven education professional year progressive experience proven ability deliver result collaborate effectively drive continuous improvement strong communication leadership analytical skill passion innovation
cv_028,chen adam principal professional year experience sale field skill expertise sale sale account management business development cold calling prospecting lead qualification sale pipeline crm salesforce hubspot sale presentation negotiation closing technique customer relationship management territory management quota achievement professional experience implemented customer success program reducing churn percent increasing net revenue retention percent expanded regional territory generating million new revenue education master degree business administration mba sale management professional summary result driven sale professional year progressive experience proven ability deliver result collaborate effectively drive continuous improvement strong communication leadership analytical skill passion innovation
cv_029,brandon baker mid level professional year experience project management field skill expertise project planning project scheduling resource allocation budget management risk management stakeholder management project documentation status reporting change management project closure lesson learned pmp certification agile scrum kanban waterfall methodology professional experience delivered million dollar erp implementation time budget managed cross functional team people across country implemented agile reducing delivery time percent education bachelor degree business administration project management professional summary result driven project management professional year progressive experience proven ability deliver result collaborate effectively drive continuous improvement strong communication leadership analytical skill passion innovation
cv_030,jasmine nelson principal professional year experience cybersecurity field skill expertise network security information security penetration testing vulnerability assessment ethical hacking firewall intrusion detection prevention system siem endpoint protection antivirus malware analysis threat intelligence professional experience developed security training reducing phishing success rate percent implemented cloud security control achieving iso certification education bachelor degree computer science information security cybersecurity professional summary result driven cybersecurity professional year progressive experience proven ability deliver result collaborate effectively drive continuous improvement strong communication leadership analytical skill passion innovation
cv_031,arjun carter principal professional year experience data science field skill expertise supervised learning unsupervised learning reinforcement learning convolutional neural network recurrent neural network transformer bert gpt word embeddings topic modeling sentiment analysis named entity recognition text classification image recognition object detection professional experience built computer vision system detecting product defect percent accuracy reducing quality control cost percent implemented testing framework running simultaneous experiment education master degree data science machine learning artificial intelligence professional summary result driven data science professional year progressive experience proven ability deliver result collaborate effectively drive continuous improvement strong communication leadership analytical skill passion innovation
cv_032,timothy mitchell lead professional year experience software engineering field skill expertise golang rust scala elixir phoenix event driven architecture cqrs event sourcing domain driven design hexagonal architecture clean code solid principle twelve factor app observability logging monitoring tracing prometheus grafana datadog professional experience built full stack web application used customer implemented pipeline reducing deployment time day hour mentored junior developer maintaining high code quality education self taught software engineer bootcamp coding professional summary result driven software engineering professional year progressive experience proven ability deliver result collaborate effectively drive continuous improvement strong communication leadership analytical skill passion innovation
cv_033,joshua perez senior professional year experience marketing field skill expertise digital marketing social medium marketing content marketing email marketing search engine optimization seo search engine marketing sem google ad facebook ad instagram marketing brand management marketing strategy customer acquisition lead generation conversion optimization professional experience managed social medium account growing follower increased email open rate percent led product launch campaign generating million dollar first month revenue education master degree business administration mba marketing professional summary result driven marketing professional year progressive experience proven ability deliver result collaborate effectively drive continuous improvement strong communication leadership analytical skill passion innovation
cv_034,miguel robert staff professional year experience finance field skill expertise crypto defi blockchain fintech payment processing banking regulation basel iii stress testing liquidity risk credit risk market risk operational risk model risk management esg investing sustainable finance impact investing factor investing smart beta professional experience restructured million dollar debt facility saving million annual interest expense implemented treasury management system improving cash visibility across country education bachelor degree finance accounting economics professional summary result driven finance professional year progressive experience proven ability deliver result collaborate effectively drive continuous improvement strong communication leadership analytical skill passion innovation
cv_035,derrick turner junior professional year experience human resource field skill expertise talent acquisition recruitment sourcing interviewing candidate assessment onboarding employee relation performance management compensation benefit administration policy procedure employee engagement retention training development succession planning workforce planning professional experience built people analytics function providing data driven insight business leader implemented predictive attrition model allowing proactive retention intervention education professional human resource phr senior professional human resource sphr professional summary result driven human resource professional year progressive experience proven ability deliver result collaborate effectively drive continuous improvement strong communication leadership analytical skill passion innovation
cv_036,raj phillips mid level professional year experience healthcare field skill expertise medical coding billing icd cpt healthcare administration hospital operation quality improvement patient safety infection control evidence based practice clinical research biostatistics public health epidemiology health policy healthcare informatics telemedicine professional experience managed electronic health record implementation across department improving documentation accuracy percent coordinated care reducing readmission rate percent education bachelor degree health science pre medicine biology professional summary result driven healthcare professional year progressive experience proven ability deliver result collaborate effectively drive continuous improvement strong communication leadership analytical skill passion innovation
cv_037,megan campbell mid level professional year experience education field skill expertise educational psychology child development learning theory behavior management parent communication school counseling academic advising college preparation standardized testing tutoring mentoring student support service inclusive education universal design learning professional experience established tutoring program improving risk student graduation rate percent coordinated professional development teacher education master degree special education learning disability professional summary result driven education professional year progressive experience proven ability deliver result collaborate effectively drive continuous improvement strong communication leadership analytical skill passion innovation
cv_038,ahmed parker junior professional year experience sale field skill expertise saas sale subscription sale recurring revenue arr mrr churn reduction expansion revenue land expand outbound prospecting sequence automation outreach apollo zoominfo linkedin sale navigator social selling video prospecting professional experience implemented customer success program reducing churn percent increasing net revenue retention percent expanded regional territory generating million new revenue education bachelor degree business administration sale marketing professional summary result driven sale professional year progressive experience proven ability deliver result collaborate effectively drive continuous improvement strong communication leadership analytical skill passion innovation
cv_039,priya evans mid level professional year experience project management field skill expertise project planning project scheduling resource allocation budget management risk management stakeholder management project documentation status reporting change management project closure lesson learned pmp certification agile scrum kanban waterfall methodology professional experience delivered million dollar erp implementation time budget managed cross functional team people across country implemented agile reducing delivery time percent education master degree project management mba operation management professional summary result driven project management professional year progressive experience proven ability deliver result collaborate effectively drive continuous improvement strong communication leadership analytical skill passion innovation
cv_040,michael edward lead professional year experience cybersecurity field skill expertise threat hunting red team blue team purple team adversary simulation mitre att framework threat modeling security architecture security engineering bug bounty responsible disclosure cve vulnerability research exploit development professional experience built threat intelligence program identifying neutralizing advanced persistent threat group conducted red team exercise exposing critical vulnerability production system education master degree information security cybersecurity network security professional summary result driven cybersecurity professional year progressive experience proven ability deliver result collaborate effectively drive continuous improvement strong communication leadership analytical skill passion innovation
cv_041,nicole collins lead professional year experience data science field skill expertise statistical analysis predictive modeling data mining exploratory data analysis hypothesis testing testing time series forecasting business intelligence tableau power programming data warehousing etl pipeline cloud computing aws gcp azure jupyter notebook git version control professional experience built computer vision system detecting product defect percent accuracy reducing quality control cost percent implemented testing framework running simultaneous experiment education bachelor degree computer science statistic mathematics professional summary result driven data science professional year progressive experience proven ability deliver result collaborate effectively drive continuous improvement strong communication leadership analytical skill passion innovation
cv_042,sofia stewart staff professional year experience software engineering field skill expertise golang rust scala elixir phoenix event driven architecture cqrs event sourcing domain driven design hexagonal architecture clean code solid principle twelve factor app observability logging monitoring tracing prometheus grafana datadog professional experience designed distributed system processing billion event per day contributed open source project optimized database query reducing load time percent education self taught software engineer bootcamp coding professional summary result driven software engineering professional year progressive experience proven ability deliver result collaborate effectively drive continuous improvement strong communication leadership analytical skill passion innovation
cv_043,jessica sanchez senior professional year experience marketing field skill expertise growth hacking viral marketing referral program affiliate marketing programmatic advertising retargeting lookalike audience customer lifetime value cohort analysis funnel optimization landing page optimization testing multivariate testing attribution modeling professional experience developed content strategy increasing organic traffic percent managed google ad campaign million dollar annual budget achieving roi created brand guideline adopted across country education master degree marketing digital marketing business professional summary result driven marketing professional year progressive experience proven ability deliver result collaborate effectively drive continuous improvement strong communication leadership analytical skill passion innovation
cv_044,troy morris staff professional year experience finance field skill expertise financial analysis financial modeling budgeting forecasting accounting financial reporting variance analysis cost analysis profit loss balance sheet cash flow statement excel advanced formula pivot table vlookup financial planning investment analysis portfolio management professional experience built financial model ipo roadshow raising million dollar developed pricing model new product line improving gross margin percentage point education bachelor degree finance accounting economics professional summary result driven finance professional year progressive experience proven ability deliver result collaborate effectively drive continuous improvement strong communication leadership analytical skill passion innovation
cv_045,fatima rogers principal professional year experience human resource field skill expertise talent acquisition recruitment sourcing interviewing candidate assessment onboarding employee relation performance management compensation benefit administration policy procedure employee engagement retention training development succession planning workforce planning professional experience reduced time hire day hired employee one year maintaining percent retention designed onboarding program increasing new hire productivity percent education master degree business administration organizational development professional summary result driven human resource professional year progressive experience proven ability deliver result collaborate effectively drive continuous improvement strong communication leadership analytical skill passion innovation
cv_046,daniel reed mid level professional year experience healthcare field skill expertise medical coding billing icd cpt healthcare administration hospital operation quality improvement patient safety infection control evidence based practice clinical research biostatistics public health epidemiology health policy healthcare informatics telemedicine professional experience provided patient care patient daily maintaining percent satisfaction implemented clinical protocol reducing hospital acquired infection percent trained new staff education bachelor degree nursing registered nurse professional summary result driven healthcare professional year progressive experience proven ability deliver result collaborate effectively drive continuous improvement strong communication leadership analytical skill passion innovation
cv_047,christopher cook junior professional year experience education field skill expertise curriculum development lesson planning classroom management student assessment differentiated instruction special education english language learner student engagement active learning cooperative learning project based learning technology integration professional experience designed online learning platform used student conducted action research published educational journal created inclusive classroom achieving percent student engagement education master degree special education learning disability professional summary result driven education professional year progressive experience proven ability deliver result collaborate effectively drive continuous improvement strong communication leadership analytical skill passion innovation
cv_048,andrew morgan lead professional year experience sale field skill expertise sale sale account management business development cold calling prospecting lead qualification sale pipeline crm salesforce hubspot sale presentation negotiation closing technique customer relationship management territory management quota achievement professional experience implemented customer success program reducing churn percent increasing net revenue retention percent expanded regional territory generating million new revenue education bachelor degree business administration sale marketing professional summary result driven sale professional year progressive experience proven ability deliver result collaborate effectively drive continuous improvement strong communication leadership analytical skill passion innovation
cv_049,lauren bell staff professional year experience project management field skill expertise scope management requirement gathering business analysis process improvement lean six sigma quality management vendor management contract management procurement outsourcing offshore team remote team management virtual collaboration communication facilitation professional experience delivered complex infrastructure project month ahead schedule saving million created risk framework preventing major project failure education master degree project management mba operation management professional summary result driven project management professional year progressive experience proven ability deliver result collaborate effectively drive continuous improvement strong communication leadership analytical skill passion innovation
cv_050,kayla murphy mid level professional year experience cybersecurity field skill expertise security operation center incident response digital forensics log analysis security monitoring network traffic analysis wireshark nmap metasploit kali linux security auditing compliance pci ds iso nist framework zero trust professional experience developed security training reducing phishing success rate percent implemented cloud security control achieving iso certification education bachelor degree information technology security administration professional summary result driven cybersecurity professional year progressive experience proven ability deliver result collaborate effectively drive continuous improvement strong communication leadership analytical skill passion innovation
cv_051,wei wilson junior professional year experience data science field skill expertise data engineering apache spark kafka airflow dbt snowflake databricks data lake data mesh feature store mlflow kubeflow vertex sagemaker data quality monitoring model drift detection explainable responsible causal inference bayesian method professional experience designed deployed natural language processing system automated customer support handling query daily built real time fraud detection model saving company million dollar annually education bachelor degree computer science statistic mathematics professional summary result driven data science professional year progressive experience proven ability deliver result collaborate effectively drive continuous improvement strong communication leadership analytical skill passion innovation
cv_052,sarah johnson principal professional year experience software engineering field skill expertise java python javascript typescript react angular vue nodejs express django flask spring boot microservices rest api graphql docker kubernetes devops git agile scrum software architecture design pattern object oriented programming functional programming professional experience developed scalable microservices architecture serving million user daily reduced api response time percent led migration monolithic cloud native architecture saving percent infrastructure cost education master degree computer science software system professional summary result driven software engineering professional year progressive experience proven ability deliver result collaborate effectively drive continuous improvement strong communication leadership analytical skill passion innovation
cv_053,ashley brown mid level professional year experience marketing field skill expertise market research competitive analysis customer segmentation buyer persona campaign management marketing automation hubspot salesforce crm analytics google analytics content creation copywriting blog writing social medium management community management influencer marketing professional experience built marketing automation system reducing manual work percent conducted market research informing product roadmap established influencer partnership reaching million potential customer education bachelor degree marketing communication business administration professional summary result driven marketing professional year progressive experience proven ability deliver result collaborate effectively drive continuous improvement strong communication leadership analytical skill passion innovation
cv_054,luis davis principal professional year experience finance field skill expertise quantitative analysis derivative option future fixed income equity research bloomberg terminal reuters trading financial market investment banking private equity venture capital hedge fund mutual fund asset management wealth management financial advisory professional experience led team analyst producing quarterly financial report developed risk management framework adopted company wide identified investment opportunity generating percent annual return education master degree financial engineering quantitative finance professional summary result driven finance professional year progressive experience proven ability deliver result collaborate effectively drive continuous improvement strong communication leadership analytical skill passion innovation
cv_055,isabella martinez staff professional year experience human resource field skill expertise talent acquisition recruitment sourcing interviewing candidate assessment onboarding employee relation performance management compensation benefit administration policy procedure employee engagement retention training development succession planning workforce planning professional experience negotiated new union contract maintaining positive labor relation implemented hris system streamlining process saving hour manual work annually education professional human resource phr senior professional human resource sphr professional summary result driven human resource professional year progressive experience proven ability deliver result collaborate effectively drive continuous improvement strong communication leadership analytical skill passion innovation
cv_056,brittany taylor junior professional year experience healthcare field skill expertise medical coding billing icd cpt healthcare administration hospital operation quality improvement patient safety infection control evidence based practice clinical research biostatistics public health epidemiology health policy healthcare informatics telemedicine professional experience conducted clinical research resulting peer reviewed publication developed patient education material improved medication adherence percent education bachelor degree nursing registered nurse professional summary result driven healthcare professional year progressive experience proven ability deliver result collaborate effectively drive continuous improvement strong communication leadership analytical skill passion innovation
cv_057,omar anderson principal professional year experience education field skill expertise educational psychology child development learning theory behavior management parent communication school counseling academic advising college preparation standardized testing tutoring mentoring student support service inclusive education universal design learning professional experience established tutoring program improving risk student graduation rate percent coordinated professional development teacher education doctor education edd phd educational psychology professional summary result driven education professional year progressive experience proven ability deliver result collaborate effectively drive continuous improvement strong communication leadership analytical skill passion innovation
cv_058,marcus thomas principal professional year experience sale field skill expertise sale strategy sale forecasting sale analytics competitive intelligence product knowledge technical sale demo presentation proof concept proposal writing contract negotiation sale operation sale enablement sale training coaching team leadership professional experience led sale team representative achieving percent team quota implemented new methodology increasing conversion rate percent education bachelor degree communication psychology professional summary result driven sale professional year progressive experience proven ability deliver result collaborate effectively drive continuous improvement strong communication leadership analytical skill passion innovation
cv_059,rachel jackson staff professional year experience project management field skill expertise scope management requirement gathering business analysis process improvement lean six sigma quality management vendor management contract management procurement outsourcing offshore team remote team management virtual collaboration communication facilitation professional experience delivered million dollar erp implementation time budget managed cross functional team people across country implemented agile reducing delivery time percent education bachelor degree business administration project management professional summary result driven project management professional year progressive experience proven ability deliver result collaborate effectively drive continuous improvement strong communication leadership analytical skill passion innovation
cv_060,yuki white senior professional year experience cybersecurity field skill expertise cloud security application security web application security owasp devsecops secure coding code review static analysis dynamic analysis authentication authorization identity access management encryption cryptography professional experience led incident response team handling security incident annually preventing estimated million dollar damage implemented zero trust architecture reducing breach percent education bachelor degree computer science information security cybersecurity professional summary result driven cybersecurity professional year progressive experience proven ability deliver result collaborate effectively drive continuous improvement strong communication leadership analytical skill passion innovation
cv_061,ryan harris principal professional year experience data science field skill expertise supervised learning unsupervised learning reinforcement learning convolutional neural network recurrent neural network transformer bert gpt word embeddings topic modeling sentiment analysis named entity recognition text classification image recognition object detection professional experience analyzed large datasets using python sql identify business opportunity led team data scientist delivering project time published research paper deep learning application education master degree applied mathematics statistic university professional summary result driven data science professional year progressive experience proven ability deliver result collaborate effectively drive continuous improvement strong communication leadership analytical skill passion innovation
cv_062,vanessa martin staff professional year experience software engineering field skill expertise java python javascript typescript react angular vue nodejs express django flask spring boot microservices rest api graphql docker kubernetes devops git agile scrum software architecture design pattern object oriented programming functional programming professional experience developed scalable microservices architecture serving million user daily reduced api response time percent led migration monolithic cloud native architecture saving percent infrastructure cost education bachelor degree computer science software engineering professional summary result driven software engineering professional year progressive experience proven ability deliver result collaborate effectively drive continuous improvement strong communication leadership analytical skill passion innovation
cv_063,jeremy thompson lead professional year experience marketing field skill expertise digital marketing social medium marketing content marketing email marketing search engine optimization seo search engine marketing sem google ad facebook ad instagram marketing brand management marketing strategy customer acquisition lead generation conversion optimization professional experience built marketing automation system reducing manual work percent conducted market research informing product roadmap established influencer partnership reaching million potential customer education master degree marketing digital marketing business professional summary result driven marketing professional year progressive experience proven ability deliver result collaborate effectively drive continuous improvement strong communication leadership analytical skill passion innovation
cv_064,amanda garcia junior professional year experience finance field skill expertise financial analysis financial modeling budgeting forecasting accounting financial reporting variance analysis cost analysis profit loss balance sheet cash flow statement excel advanced formula pivot table vlookup financial planning investment analysis portfolio management professional experience managed investment portfolio million dollar achieving percent benchmark conducted due diligence potential acquisition target built financial planning model year strategy education chartered financial analyst cfa certified public accountant cpa professional summary result driven finance professional year progressive experience proven ability deliver result collaborate effectively drive continuous improvement strong communication leadership analytical skill passion innovation
cv_065,stephanie robinson senior professional year experience human resource field skill expertise human resource information system hris workday sap oracle applicant tracking system at linkedin recruiter boolean search behavioral interviewing competency based hiring diversity inclusion equity belonging organizational development change management professional experience implemented performance management system employee managing compensation review saving company million annually developed training program reducing turnover percent education bachelor degree human resource management psychology professional summary result driven human resource professional year progressive experience proven ability deliver result collaborate effectively drive continuous improvement strong communication leadership analytical skill passion innovation
cv_066,samantha lewis mid level professional year experience healthcare field skill expertise population health management chronic disease management care coordination case management utilization review prior authorization denial management revenue cycle management value based care accountable care organization patient centered medical home professional experience led quality improvement initiative achieving joint commission accreditation without deficiency developed staffing model optimizing nurse patient ratio reducing burnout education master degree nursing healthcare administration public health professional summary result driven healthcare professional year progressive experience proven ability deliver result collaborate effectively drive continuous improvement strong communication leadership analytical skill passion innovation
cv_067,amber walker mid level professional year experience education field skill expertise educational psychology child development learning theory behavior management parent communication school counseling academic advising college preparation standardized testing tutoring mentoring student support service inclusive education universal design learning professional experience launched project based learning initiative increasing student motivation score percent created community partnership program providing real world learning experience education bachelor degree education teaching elementary secondary professional summary result driven education professional year progressive experience proven ability deliver result collaborate effectively drive continuous improvement strong communication leadership analytical skill passion innovation
cv_068,akira hall mid level professional year experience sale field skill expertise saas sale subscription sale recurring revenue arr mrr churn reduction expansion revenue land expand outbound prospecting sequence automation outreach apollo zoominfo linkedin sale navigator social selling video prospecting professional experience led sale team representative achieving percent team quota implemented new methodology increasing conversion rate percent education bachelor degree communication psychology professional summary result driven sale professional year progressive experience proven ability deliver result collaborate effectively drive continuous improvement strong communication leadership analytical skill passion innovation
cv_069,monica allen mid level professional year experience project management field skill expertise okr goal setting strategic planning roadmap development product roadmap technology roadmap digital transformation innovation management design thinking human centered design service design process redesign automation robotic process automation rpa professional experience delivered million dollar erp implementation time budget managed cross functional team people across country implemented agile reducing delivery time percent education bachelor degree engineering industrial management professional summary result driven project management professional year progressive experience proven ability deliver result collaborate effectively drive continuous improvement strong communication leadership analytical skill passion innovation
cv_070,emily young mid level professional year experience cybersecurity field skill expertise threat hunting red team blue team purple team adversary simulation mitre att framework threat modeling security architecture security engineering bug bounty responsible disclosure cve vulnerability research exploit development professional experience developed security training reducing phishing success rate percent implemented cloud security control achieving iso certification education certified information system security professional cissp certified ethical hacker ceh professional summary result driven cybersecurity professional year progressive experience proven ability deliver result collaborate effectively drive continuous improvement strong communication leadership analytical skill passion innovation
cv_071,kevin hernandez senior professional year experience data science field skill expertise python machine learning deep learning neural network tensorflow pytorch scikit learn panda numpy data analysis statistical modeling regression classification clustering natural language processing computer vision data visualization matplotlib seaborn sql database big data spark hadoop feature engineering model deployment mlops professional experience analyzed large datasets using python sql identify business opportunity led team data scientist delivering project time published research paper deep learning application education master degree applied mathematics statistic university professional summary result driven data science professional year progressive experience proven ability deliver result collaborate effectively drive continuous improvement strong communication leadership analytical skill passion innovation
cv_072,layla king staff professional year experience software engineering field skill expertise java python javascript typescript react angular vue nodejs express django flask spring boot microservices rest api graphql docker kubernetes devops git agile scrum software architecture design pattern object oriented programming functional programming professional experience designed distributed system processing billion event per day contributed open source project optimized database query reducing load time percent education bachelor degree electrical engineering computer science professional summary result driven software engineering professional year progressive experience proven ability deliver result collaborate effectively drive continuous improvement strong communication leadership analytical skill passion innovation
cv_073,david wright junior professional year experience marketing field skill expertise growth hacking viral marketing referral program affiliate marketing programmatic advertising retargeting lookalike audience customer lifetime value cohort analysis funnel optimization landing page optimization testing multivariate testing attribution modeling professional experience redesigned company website improving bounce rate percent increasing time site minute ran test per quarter systematically improving key metric education bachelor degree journalism communication public relation professional summary result driven marketing professional year progressive experience proven ability deliver result collaborate effectively drive continuous improvement strong communication leadership analytical skill passion innovation
cv_074,neha lopez junior professional year experience finance field skill expertise quantitative analysis derivative option future fixed income equity research bloomberg terminal reuters trading financial market investment banking private equity venture capital hedge fund mutual fund asset management wealth management financial advisory professional experience led team analyst producing quarterly financial report developed risk management framework adopted company wide identified investment opportunity generating percent annual return education chartered financial analyst cfa certified public accountant cpa professional summary result driven finance professional year progressive experience proven ability deliver result collaborate effectively drive continuous improvement strong communication leadership analytical skill passion innovation
cv_075,matthew hill lead professional year experience human resource field skill expertise total reward job architecture salary benchmarking equity compensation stock option restricted stock unit executive compensation benefit design wellness program employee experience design employer branding talent brand candidate experience glassdoor management professional experience led diversity initiative increasing diverse hire percent redesigned benefit package improving employee satisfaction percent education professional human resource phr senior professional human resource sphr professional summary result driven human resource professional year progressive experience proven ability deliver result collaborate effectively drive continuous improvement strong communication leadership analytical skill passion innovation
cv_076,carlos scott senior professional year experience healthcare field skill expertise patient care clinical documentation electronic health record ehr epic cerner medical terminology anatomy physiology pharmacology nursing diagnosis treatment planning medication administration vital sign monitoring patient assessment healthcare compliance hipaa professional experience implemented telehealth program serving patient monthly pandemic maintaining care continuity developed triage protocol reducing emergency department wait time percent education master degree nursing healthcare administration public health professional summary result driven healthcare professional year progressive experience proven ability deliver result collaborate effectively drive continuous improvement strong communication leadership analytical skill passion innovation
cv_077,justin green senior professional year experience education field skill expertise instructional design elearning development articulate storyline adobe captivate learning management system training need analysis performance consulting blended learning microlearning gamification badge certification corporate training workforce development professional experience developed curriculum improving student test score percent implemented technology integration across classroom mentored first year teacher improving effectiveness education master degree education curriculum instruction educational leadership professional summary result driven education professional year progressive experience proven ability deliver result collaborate effectively drive continuous improvement strong communication leadership analytical skill passion innovation
cv_078,valentina adam staff professional year experience sale field skill expertise sale sale account management business development cold calling prospecting lead qualification sale pipeline crm salesforce hubspot sale presentation negotiation closing technique customer relationship management territory management quota achievement professional experience closed largest deal company history valued million dollar expanded existing account growing annual contract million education bachelor degree communication psychology professional summary result driven sale professional year progressive experience proven ability deliver result collaborate effectively drive continuous improvement strong communication leadership analytical skill passion innovation
cv_079,eric baker staff professional year experience project management field skill expertise scope management requirement gathering business analysis process improvement lean six sigma quality management vendor management contract management procurement outsourcing offshore team remote team management virtual collaboration communication facilitation professional experience led organizational change management major restructuring affecting employee achieving percent adoption within month new system education project management professional pmp agile certified practitioner professional summary result driven project management professional year progressive experience proven ability deliver result collaborate effectively drive continuous improvement strong communication leadership analytical skill passion innovation
cv_080,james nelson principal professional year experience cybersecurity field skill expertise cloud security application security web application security owasp devsecops secure coding code review static analysis dynamic analysis authentication authorization identity access management encryption cryptography professional experience built threat intelligence program identifying neutralizing advanced persistent threat group conducted red team exercise exposing critical vulnerability production system education certified information system security professional cissp certified ethical hacker ceh professional summary result driven cybersecurity professional year progressive experience proven ability deliver result collaborate effectively drive continuous improvement strong communication leadership analytical skill passion innovation
cv_081,melissa carter staff professional year experience data science field skill expertise statistical analysis predictive modeling data mining exploratory data analysis hypothesis testing testing time series forecasting business intelligence tableau power programming data warehousing etl pipeline cloud computing aws gcp azure jupyter notebook git version control professional experience built computer vision system detecting product defect percent accuracy reducing quality control cost percent implemented testing framework running simultaneous experiment education master degree applied mathematics statistic university professional summary result driven data science professional year progressive experience proven ability deliver result collaborate effectively drive continuous improvement strong communication leadership analytical skill passion innovation
cv_082,chen mitchell senior professional year experience software engineering field skill expertise software testing unit testing integration testing test driven development code review refactoring performance optimization security best practice authentication authorization oauth jwt api design documentation technical writing system design distributed system professional experience led technical architecture review modernizing legacy codebase reducing technical debt percent built developer platform increasing team productivity percent education bachelor degree computer science software engineering professional summary result driven software engineering professional year progressive experience proven ability deliver result collaborate effectively drive continuous improvement strong communication leadership analytical skill passion innovation
cv_083,brandon perez lead professional year experience marketing field skill expertise market research competitive analysis customer segmentation buyer persona campaign management marketing automation hubspot salesforce crm analytics google analytics content creation copywriting blog writing social medium management community management influencer marketing professional experience launched referral program acquiring new customer percent traditional cac implemented personalization engine increasing conversion rate percent education bachelor degree journalism communication public relation professional summary result driven marketing professional year progressive experience proven ability deliver result collaborate effectively drive continuous improvement strong communication leadership analytical skill passion innovation
cv_084,jasmine robert staff professional year experience finance field skill expertise crypto defi blockchain fintech payment processing banking regulation basel iii stress testing liquidity risk credit risk market risk operational risk model risk management esg investing sustainable finance impact investing factor investing smart beta professional experience led team analyst producing quarterly financial report developed risk management framework adopted company wide identified investment opportunity generating percent annual return education master degree financial engineering quantitative finance professional summary result driven finance professional year progressive experience proven ability deliver result collaborate effectively drive continuous improvement strong communication leadership analytical skill passion innovation
cv_085,arjun turner junior professional year experience human resource field skill expertise talent acquisition recruitment sourcing interviewing candidate assessment onboarding employee relation performance management compensation benefit administration policy procedure employee engagement retention training development succession planning workforce planning professional experience led diversity initiative increasing diverse hire percent redesigned benefit package improving employee satisfaction percent education professional human resource phr senior professional human resource sphr professional summary result driven human resource professional year progressive experience proven ability deliver result collaborate effectively drive continuous improvement strong communication leadership analytical skill passion innovation
cv_086,timothy phillips mid level professional year experience healthcare field skill expertise physical therapy occupational therapy speech therapy rehabilitation patient education wound care surgical procedure operating room intensive care unit emergency medicine pediatrics geriatrics oncology cardiology neurology orthopedics mental health psychiatry professional experience managed electronic health record implementation across department improving documentation accuracy percent coordinated care reducing readmission rate percent education master degree nursing healthcare administration public health professional summary result driven healthcare professional year progressive experience proven ability deliver result collaborate effectively drive continuous improvement strong communication leadership analytical skill passion innovation
cv_087,joshua campbell principal professional year experience education field skill expertise curriculum development lesson planning classroom management student assessment differentiated instruction special education english language learner student engagement active learning cooperative learning project based learning technology integration professional experience designed online learning platform used student conducted action research published educational journal created inclusive classroom achieving percent student engagement education master degree special education learning disability professional summary result driven education professional year progressive experience proven ability deliver result collaborate effectively drive continuous improvement strong communication leadership analytical skill passion innovation
cv_088,miguel parker staff professional year experience sale field skill expertise saas sale subscription sale recurring revenue arr mrr churn reduction expansion revenue land expand outbound prospecting sequence automation outreach apollo zoominfo linkedin sale navigator social selling video prospecting professional experience built enterprise sale motion scratch closing first fortune customer created scalable outbound process generating million qualified pipeline monthly education master degree business administration mba sale management professional summary result driven sale professional year progressive experience proven ability deliver result collaborate effectively drive continuous improvement strong communication leadership analytical skill passion innovation
cv_089,derrick evans mid level professional year experience project management field skill expertise okr goal setting strategic planning roadmap development product roadmap technology roadmap digital transformation innovation management design thinking human centered design service design process redesign automation robotic process automation rpa professional experience managed portfolio concurrent project totaling million dollar establishing pmo improved time delivery percent education master degree project management mba operation management professional summary result driven project management professional year progressive experience proven ability deliver result collaborate effectively drive continuous improvement strong communication leadership analytical skill passion innovation
cv_090,raj edward mid level professional year experience cybersecurity field skill expertise network security information security penetration testing vulnerability assessment ethical hacking firewall intrusion detection prevention system siem endpoint protection antivirus malware analysis threat intelligence professional experience built threat intelligence program identifying neutralizing advanced persistent threat group conducted red team exercise exposing critical vulnerability production system education master degree information security cybersecurity network security professional summary result driven cybersecurity professional year progressive experience proven ability deliver result collaborate effectively drive continuous improvement strong communication leadership analytical skill passion innovation
cv_091,megan collins junior professional year experience data science field skill expertise data engineering apache spark kafka airflow dbt snowflake databricks data lake data mesh feature store mlflow kubeflow vertex sagemaker data quality monitoring model drift detection explainable responsible causal inference bayesian method professional experience developed machine learning model predict customer churn reducing attrition percent built recommendation system increasing user engagement percent created automated data pipeline processing million record daily education master degree data science machine learning artificial intelligence professional summary result driven data science professional year progressive experience proven ability deliver result collaborate effectively drive continuous improvement strong communication leadership analytical skill passion innovation
cv_092,ahmed stewart lead professional year experience software engineering field skill expertise backend development frontend development full stack web development mobile development io android react native flutter database design postgresql mysql mongodb redis elasticsearch message queue kafka rabbitmq cloud service aws azure google cloud serverless function professional experience led technical architecture review modernizing legacy codebase reducing technical debt percent built developer platform increasing team productivity percent education bachelor degree electrical engineering computer science professional summary result driven software engineering professional year progressive experience proven ability deliver result collaborate effectively drive continuous improvement strong communication leadership analytical skill passion innovation
cv_093,priya sanchez mid level professional year experience marketing field skill expertise growth hacking viral marketing referral program affiliate marketing programmatic advertising retargeting lookalike audience customer lifetime value cohort analysis funnel optimization landing page optimization testing multivariate testing attribution modeling professional experience redesigned company website improving bounce rate percent increasing time site minute ran test per quarter systematically improving key metric education master degree business administration mba marketing professional summary result driven marketing professional year progressive experience proven ability deliver result collaborate effectively drive continuous improvement strong communication leadership analytical skill passion innovation
cv_094,michael morris staff professional year experience finance field skill expertise crypto defi blockchain fintech payment processing banking regulation basel iii stress testing liquidity risk credit risk market risk operational risk model risk management esg investing sustainable finance impact investing factor investing smart beta professional experience managed investment portfolio million dollar achieving percent benchmark conducted due diligence potential acquisition target built financial planning model year strategy education master degree finance mba business administration professional summary result driven finance professional year progressive experience proven ability deliver result collaborate effectively drive continuous improvement strong communication leadership analytical skill passion innovation
cv_095,nicole rogers lead professional year experience human resource field skill expertise total reward job architecture salary benchmarking equity compensation stock option restricted stock unit executive compensation benefit design wellness program employee experience design employer branding talent brand candidate experience glassdoor management professional experience implemented performance management system employee managing compensation review saving company million annually developed training program reducing turnover percent education professional human resource phr senior professional human resource sphr professional summary result driven human resource professional year progressive experience proven ability deliver result collaborate effectively drive continuous improvement strong communication leadership analytical skill passion innovation
cv_096,sofia reed senior professional year experience healthcare field skill expertise physical therapy occupational therapy speech therapy rehabilitation patient education wound care surgical procedure operating room intensive care unit emergency medicine pediatrics geriatrics oncology cardiology neurology orthopedics mental health psychiatry professional experience managed electronic health record implementation across department improving documentation accuracy percent coordinated care reducing readmission rate percent education doctor medicine physician medical school residency professional summary result driven healthcare professional year progressive experience proven ability deliver result collaborate effectively drive continuous improvement strong communication leadership analytical skill passion innovation
cv_097,jessica cook mid level professional year experience education field skill expertise curriculum development lesson planning classroom management student assessment differentiated instruction special education english language learner student engagement active learning cooperative learning project based learning technology integration professional experience designed online learning platform used student conducted action research published educational journal created inclusive classroom achieving percent student engagement education master degree education curriculum instruction educational leadership professional summary result driven education professional year progressive experience proven ability deliver result collaborate effectively drive continuous improvement strong communication leadership analytical skill passion innovation
cv_098,troy morgan lead professional year experience sale field skill expertise solution selling consultative selling value based selling enterprise sale inside sale outside sale field sale channel sale partner management distributor relationship revenue growth market penetration customer success upselling cross selling renewal management professional experience led sale team representative achieving percent team quota implemented new methodology increasing conversion rate percent education bachelor degree business administration sale marketing professional summary result driven sale professional year progressive experience proven ability deliver result collaborate effectively drive continuous improvement strong communication leadership analytical skill passion innovation
cv_099,fatima bell lead professional year experience project management field skill expertise scope management requirement gathering business analysis process improvement lean six sigma quality management vendor management contract management procurement outsourcing offshore team remote team management virtual collaboration communication facilitation professional experience led organizational change management major restructuring affecting employee achieving percent adoption within month new system education bachelor degree engineering industrial management professional summary result driven project management professional year progressive experience proven ability deliver result collaborate effectively drive continuous improvement strong communication leadership analytical skill passion innovation
cv_100,daniel murphy principal professional year experience cybersecurity field skill expertise security operation center incident response digital forensics log analysis security monitoring network traffic analysis wireshark nmap metasploit kali linux security auditing compliance pci ds iso nist framework zero trust professional experience built threat intelligence program identifying neutralizing advanced persistent threat group conducted red team exercise exposing critical vulnerability production system education bachelor degree information technology security administration professional summary result driven cybersecurity professional year progressive experience proven ability deliver result collaborate effectively drive continuous improvement strong communication leadership analytical skill passion innovation
cv_101,christopher wilson senior professional year experience data science field skill expertise data engineering apache spark kafka airflow dbt snowflake databricks data lake data mesh feature store mlflow kubeflow vertex sagemaker data quality monitoring model drift detection explainable responsible causal inference bayesian method professional experience built computer vision system detecting product defect percent accuracy reducing quality control cost percent implemented testing framework running simultaneous experiment education bachelor degree computer science statistic mathematics professional summary result driven data science professional year progressive experience proven ability deliver result collaborate effectively drive continuous improvement strong communication leadership analytical skill passion innovation
cv_102,andrew johnson lead professional year experience software engineering field skill expertise golang rust scala elixir phoenix event driven architecture cqrs event sourcing domain driven design hexagonal architecture clean code solid principle twelve factor app observability logging monitoring tracing prometheus grafana datadog professional experience led technical architecture review modernizing legacy codebase reducing technical debt percent built developer platform increasing team productivity percent education master degree computer science software system professional summary result driven software engineering professional year progressive experience proven ability deliver result collaborate effectively drive continuous improvement strong communication leadership analytical skill passion innovation
cv_103,lauren brown junior professional year experience marketing field skill expertise product marketing market strategy launch campaign brand awareness demand generation inbound marketing outbound marketing account based marketing public relation medium relation press release event marketing trade show webinars customer retention loyalty program professional experience launched referral program acquiring new customer percent traditional cac implemented personalization engine increasing conversion rate percent education master degree business administration mba marketing professional summary result driven marketing professional year progressive experience proven ability deliver result collaborate effectively drive continuous improvement strong communication leadership analytical skill passion innovation
cv_104,kayla davis lead professional year experience finance field skill expertise quantitative analysis derivative option future fixed income equity research bloomberg terminal reuters trading financial market investment banking private equity venture capital hedge fund mutual fund asset management wealth management financial advisory professional experience restructured million dollar debt facility saving million annual interest expense implemented treasury management system improving cash visibility across country education master degree finance mba business administration professional summary result driven finance professional year progressive experience proven ability deliver result collaborate effectively drive continuous improvement strong communication leadership analytical skill passion innovation
cv_105,wei martinez junior professional year experience human resource field skill expertise talent acquisition recruitment sourcing interviewing candidate assessment onboarding employee relation performance management compensation benefit administration policy procedure employee engagement retention training development succession planning workforce planning professional experience built people analytics function providing data driven insight business leader implemented predictive attrition model allowing proactive retention intervention education bachelor degree human resource management psychology professional summary result driven human resource professional year progressive experience proven ability deliver result collaborate effectively drive continuous improvement strong communication leadership analytical skill passion innovation
cv_106,sarah taylor junior professional year experience healthcare field skill expertise medical coding billing icd cpt healthcare administration hospital operation quality improvement patient safety infection control evidence based practice clinical research biostatistics public health epidemiology health policy healthcare informatics telemedicine professional experience implemented telehealth program serving patient monthly pandemic maintaining care continuity developed triage protocol reducing emergency department wait time percent education master degree nursing healthcare administration public health professional summary result driven healthcare professional year progressive experience proven ability deliver result collaborate effectively drive continuous improvement strong communication leadership analytical skill passion innovation
cv_107,ashley anderson lead professional year experience education field skill expertise instructional design elearning development articulate storyline adobe captivate learning management system training need analysis performance consulting blended learning microlearning gamification badge certification corporate training workforce development professional experience established tutoring program improving risk student graduation rate percent coordinated professional development teacher education master degree education curriculum instruction educational leadership professional summary result driven education professional year progressive experience proven ability deliver result collaborate effectively drive continuous improvement strong communication leadership analytical skill passion innovation
cv_108,luis thomas lead professional year experience sale field skill expertise sale strategy sale forecasting sale analytics competitive intelligence product knowledge technical sale demo presentation proof concept proposal writing contract negotiation sale operation sale enablement sale training coaching team leadership professional experience built enterprise sale motion scratch closing first fortune customer created scalable outbound process generating million qualified pipeline monthly education bachelor degree communication psychology professional summary result driven sale professional year progressive experience proven ability deliver result collaborate effectively drive continuous improvement strong communication leadership analytical skill passion innovation
cv_109,isabella jackson staff professional year experience project management field skill expertise project planning project scheduling resource allocation budget management risk management stakeholder management project documentation status reporting change management project closure lesson learned pmp certification agile scrum kanban waterfall methodology professional experience managed portfolio concurrent project totaling million dollar establishing pmo improved time delivery percent education bachelor degree business administration project management professional summary result driven project management professional year progressive experience proven ability deliver result collaborate effectively drive continuous improvement strong communication leadership analytical skill passion innovation
cv_110,brittany white staff professional year experience cybersecurity field skill expertise network security information security penetration testing vulnerability assessment ethical hacking firewall intrusion detection prevention system siem endpoint protection antivirus malware analysis threat intelligence professional experience developed security training reducing phishing success rate percent implemented cloud security control achieving iso certification education master degree information security cybersecurity network security professional summary result driven cybersecurity professional year progressive experience proven ability deliver result collaborate effectively drive continuous improvement strong communication leadership analytical skill passion innovation
cv_111,omar harris mid level professional year experience data science field skill expertise python machine learning deep learning neural network tensorflow pytorch scikit learn panda numpy data analysis statistical modeling regression classification clustering natural language processing computer vision data visualization matplotlib seaborn sql database big data spark hadoop feature engineering model deployment mlops professional experience developed machine learning model predict customer churn reducing attrition percent built recommendation system increasing user engagement percent created automated data pipeline processing million record daily education master degree data science machine learning artificial intelligence professional summary result driven data science professional year progressive experience proven ability deliver result collaborate effectively drive continuous improvement strong communication leadership analytical skill passion innovation
cv_112,marcus martin lead professional year experience software engineering field skill expertise backend development frontend development full stack web development mobile development io android react native flutter database design postgresql mysql mongodb redis elasticsearch message queue kafka rabbitmq cloud service aws azure google cloud serverless function professional experience built full stack web application used customer implemented pipeline reducing deployment time day hour mentored junior developer maintaining high code quality education master degree computer science software system professional summary result driven software engineering professional year progressive experience proven ability deliver result collaborate effectively drive continuous improvement strong communication leadership analytical skill passion innovation
cv_113,rachel thompson senior professional year experience marketing field skill expertise market research competitive analysis customer segmentation buyer persona campaign management marketing automation hubspot salesforce crm analytics google analytics content creation copywriting blog writing social medium management community management influencer marketing professional experience launched referral program acquiring new customer percent traditional cac implemented personalization engine increasing conversion rate percent education bachelor degree journalism communication public relation professional summary result driven marketing professional year progressive experience proven ability deliver result collaborate effectively drive continuous improvement strong communication leadership analytical skill passion innovation
cv_114,yuki garcia junior professional year experience finance field skill expertise financial analysis financial modeling budgeting forecasting accounting financial reporting variance analysis cost analysis profit loss balance sheet cash flow statement excel advanced formula pivot table vlookup financial planning investment analysis portfolio management professional experience led team analyst producing quarterly financial report developed risk management framework adopted company wide identified investment opportunity generating percent annual return education chartered financial analyst cfa certified public accountant cpa professional summary result driven finance professional year progressive experience proven ability deliver result collaborate effectively drive continuous improvement strong communication leadership analytical skill passion innovation
cv_115,ryan robinson lead professional year experience human resource field skill expertise labor relation employment law compliance payroll administration leave management conflict resolution disciplinary procedure termination offboarding analytics people analytics employee survey culture building team building leadership development coaching mentoring professional experience negotiated new union contract maintaining positive labor relation implemented hris system streamlining process saving hour manual work annually education master degree business administration organizational development professional summary result driven human resource professional year progressive experience proven ability deliver result collaborate effectively drive continuous improvement strong communication leadership analytical skill passion innovation
cv_116,vanessa lewis junior professional year experience healthcare field skill expertise patient care clinical documentation electronic health record ehr epic cerner medical terminology anatomy physiology pharmacology nursing diagnosis treatment planning medication administration vital sign monitoring patient assessment healthcare compliance hipaa professional experience led quality improvement initiative achieving joint commission accreditation without deficiency developed staffing model optimizing nurse patient ratio reducing burnout education master degree nursing healthcare administration public health professional summary result driven healthcare professional year progressive experience proven ability deliver result collaborate effectively drive continuous improvement strong communication leadership analytical skill passion innovation
cv_117,jeremy walker senior professional year experience education field skill expertise curriculum development lesson planning classroom management student assessment differentiated instruction special education english language learner student engagement active learning cooperative learning project based learning technology integration professional experience implemented social emotional learning curriculum reducing disciplinary incident percent developed family engagement program increasing parent participation percent education bachelor degree education teaching elementary secondary professional summary result driven education professional year progressive experience proven ability deliver result collaborate effectively drive continuous improvement strong communication leadership analytical skill passion innovation
cv_118,amanda hall principal professional year experience sale field skill expertise saas sale subscription sale recurring revenue arr mrr churn reduction expansion revenue land expand outbound prospecting sequence automation outreach apollo zoominfo linkedin sale navigator social selling video prospecting professional experience closed largest deal company history valued million dollar expanded existing account growing annual contract million education bachelor degree business administration sale marketing professional summary result driven sale professional year progressive experience proven ability deliver result collaborate effectively drive continuous improvement strong communication leadership analytical skill passion innovation
cv_119,stephanie allen junior professional year experience project management field skill expertise project planning project scheduling resource allocation budget management risk management stakeholder management project documentation status reporting change management project closure lesson learned pmp certification agile scrum kanban waterfall methodology professional experience managed portfolio concurrent project totaling million dollar establishing pmo improved time delivery percent education bachelor degree engineering industrial management professional summary result driven project management professional year progressive experience proven ability deliver result collaborate effectively drive continuous improvement strong communication leadership analytical skill passion innovation
cv_120,samantha young lead professional year experience cybersecurity field skill expertise cloud security application security web application security owasp devsecops secure coding code review static analysis dynamic analysis authentication authorization identity access management encryption cryptography professional experience built threat intelligence program identifying neutralizing advanced persistent threat group conducted red team exercise exposing critical vulnerability production system education master degree information security cybersecurity network security professional summary result driven cybersecurity professional year progressive experience proven ability deliver result collaborate effectively drive continuous improvement strong communication leadership analytical skill passion innovation
cv_121,amber hernandez lead professional year experience data science field skill expertise supervised learning unsupervised learning reinforcement learning convolutional neural network recurrent neural network transformer bert gpt word embeddings topic modeling sentiment analysis named entity recognition text classification image recognition object detection professional experience created demand forecasting model reducing inventory cost percent developed customer segmentation analysis identifying high value segment built executive dashboard used suite daily education master degree applied mathematics statistic university professional summary result driven data science professional year progressive experience proven ability deliver result collaborate effectively drive continuous improvement strong communication leadership analytical skill passion innovation
cv_122,akira king junior professional year experience software engineering field skill expertise software testing unit testing integration testing test driven development code review refactoring performance optimization security best practice authentication authorization oauth jwt api design documentation technical writing system design distributed system professional experience designed distributed system processing billion event per day contributed open source project optimized database query reducing load time percent education master degree computer science software system professional summary result driven software engineering professional year progressive experience proven ability deliver result collaborate effectively drive continuous improvement strong communication leadership analytical skill passion innovation
cv_123,monica wright principal professional year experience marketing field skill expertise growth hacking viral marketing referral program affiliate marketing programmatic advertising retargeting lookalike audience customer lifetime value cohort analysis funnel optimization landing page optimization testing multivariate testing attribution modeling professional experience developed content strategy increasing organic traffic percent managed google ad campaign million dollar annual budget achieving roi created brand guideline adopted across country education master degree business administration mba marketing professional summary result driven marketing professional year progressive experience proven ability deliver result collaborate effectively drive continuous improvement strong communication leadership analytical skill passion innovation
cv_124,emily lopez senior professional year experience finance field skill expertise quantitative analysis derivative option future fixed income equity research bloomberg terminal reuters trading financial market investment banking private equity venture capital hedge fund mutual fund asset management wealth management financial advisory professional experience prepared financial model supporting million dollar acquisition decision managed million dollar budget identifying million cost saving implemented financial reporting system reducing close time day education master degree financial engineering quantitative finance professional summary result driven finance professional year progressive experience proven ability deliver result collaborate effectively drive continuous improvement strong communication leadership analytical skill passion innovation
cv_125,kevin hill senior professional year experience human resource field skill expertise total reward job architecture salary benchmarking equity compensation stock option restricted stock unit executive compensation benefit design wellness program employee experience design employer branding talent brand candidate experience glassdoor management professional experience implemented performance management system employee managing compensation review saving company million annually developed training program reducing turnover percent education professional human resource phr senior professional human resource sphr professional summary result driven human resource professional year progressive experience proven ability deliver result collaborate effectively drive continuous improvement strong communication leadership analytical skill passion innovation
cv_126,layla scott principal professional year experience healthcare field skill expertise physical therapy occupational therapy speech therapy rehabilitation patient education wound care surgical procedure operating room intensive care unit emergency medicine pediatrics geriatrics oncology cardiology neurology orthopedics mental health psychiatry professional experience led quality improvement initiative achieving joint commission accreditation without deficiency developed staffing model optimizing nurse patient ratio reducing burnout education doctor medicine physician medical school residency professional summary result driven healthcare professional year progressive experience proven ability deliver result collaborate effectively drive continuous improvement strong communication leadership analytical skill passion innovation
cv_127,david green staff professional year experience education field skill expertise educational psychology child development learning theory behavior management parent communication school counseling academic advising college preparation standardized testing tutoring mentoring student support service inclusive education universal design learning professional experience developed curriculum improving student test score percent implemented technology integration across classroom mentored first year teacher improving effectiveness education master degree education curriculum instruction educational leadership professional summary result driven education professional year progressive experience proven ability deliver result collaborate effectively drive continuous improvement strong communication leadership analytical skill passion innovation
cv_128,neha adam staff professional year experience sale field skill expertise saas sale subscription sale recurring revenue arr mrr churn reduction expansion revenue land expand outbound prospecting sequence automation outreach apollo zoominfo linkedin sale navigator social selling video prospecting professional experience implemented customer success program reducing churn percent increasing net revenue retention percent expanded regional territory generating million new revenue education master degree business administration mba sale management professional summary result driven sale professional year progressive experience proven ability deliver result collaborate effectively drive continuous improvement strong communication leadership analytical skill passion innovation
cv_129,matthew baker junior professional year experience project management field skill expertise okr goal setting strategic planning roadmap development product roadmap technology roadmap digital transformation innovation management design thinking human centered design service design process redesign automation robotic process automation rpa professional experience managed portfolio concurrent project totaling million dollar establishing pmo improved time delivery percent education bachelor degree business administration project management professional summary result driven project management professional year progressive experience proven ability deliver result collaborate effectively drive continuous improvement strong communication leadership analytical skill passion innovation
cv_130,carlos nelson senior professional year experience cybersecurity field skill expertise security operation center incident response digital forensics log analysis security monitoring network traffic analysis wireshark nmap metasploit kali linux security auditing compliance pci ds iso nist framework zero trust professional experience built threat intelligence program identifying neutralizing advanced persistent threat group conducted red team exercise exposing critical vulnerability production system education master degree information security cybersecurity network security professional summary result driven cybersecurity professional year progressive experience proven ability deliver result collaborate effectively drive continuous improvement strong communication leadership analytical skill passion innovation
cv_131,justin carter lead professional year experience data science field skill expertise data engineering apache spark kafka airflow dbt snowflake databricks data lake data mesh feature store mlflow kubeflow vertex sagemaker data quality monitoring model drift detection explainable responsible causal inference bayesian method professional experience created demand forecasting model reducing inventory cost percent developed customer segmentation analysis identifying high value segment built executive dashboard used suite daily education phd computational linguistics natural language processing professional summary result driven data science professional year progressive experience proven ability deliver result collaborate effectively drive continuous improvement strong communication leadership analytical skill passion innovation
cv_132,valentina mitchell senior professional year experience software engineering field skill expertise software testing unit testing integration testing test driven development code review refactoring performance optimization security best practice authentication authorization oauth jwt api design documentation technical writing system design distributed system professional experience designed distributed system processing billion event per day contributed open source project optimized database query reducing load time percent education self taught software engineer bootcamp coding professional summary result driven software engineering professional year progressive experience proven ability deliver result collaborate effectively drive continuous improvement strong communication leadership analytical skill passion innovation
cv_133,eric perez staff professional year experience marketing field skill expertise product marketing market strategy launch campaign brand awareness demand generation inbound marketing outbound marketing account based marketing public relation medium relation press release event marketing trade show webinars customer retention loyalty program professional experience developed content strategy increasing organic traffic percent managed google ad campaign million dollar annual budget achieving roi created brand guideline adopted across country education bachelor degree marketing communication business administration professional summary result driven marketing professional year progressive experience proven ability deliver result collaborate effectively drive continuous improvement strong communication leadership analytical skill passion innovation
cv_134,james robert mid level professional year experience finance field skill expertise quantitative analysis derivative option future fixed income equity research bloomberg terminal reuters trading financial market investment banking private equity venture capital hedge fund mutual fund asset management wealth management financial advisory professional experience prepared financial model supporting million dollar acquisition decision managed million dollar budget identifying million cost saving implemented financial reporting system reducing close time day education master degree finance mba business administration professional summary result driven finance professional year progressive experience proven ability deliver result collaborate effectively drive continuous improvement strong communication leadership analytical skill passion innovation
cv_135,melissa turner junior professional year experience human resource field skill expertise total reward job architecture salary benchmarking equity compensation stock option restricted stock unit executive compensation benefit design wellness program employee experience design employer branding talent brand candidate experience glassdoor management professional experience led diversity initiative increasing diverse hire percent redesigned benefit package improving employee satisfaction percent education professional human resource phr senior professional human resource sphr professional summary result driven human resource professional year progressive experience proven ability deliver result collaborate effectively drive continuous improvement strong communication leadership analytical skill passion innovation
cv_136,chen phillips mid level professional year experience healthcare field skill expertise physical therapy occupational therapy speech therapy rehabilitation patient education wound care surgical procedure operating room intensive care unit emergency medicine pediatrics geriatrics oncology cardiology neurology orthopedics mental health psychiatry professional experience managed electronic health record implementation across department improving documentation accuracy percent coordinated care reducing readmission rate percent education doctor medicine physician medical school residency professional summary result driven healthcare professional year progressive experience proven ability deliver result collaborate effectively drive continuous improvement strong communication leadership analytical skill passion innovation
cv_137,brandon campbell senior professional year experience education field skill expertise curriculum development lesson planning classroom management student assessment differentiated instruction special education english language learner student engagement active learning cooperative learning project based learning technology integration professional experience implemented social emotional learning curriculum reducing disciplinary incident percent developed family engagement program increasing parent participation percent education master degree education curriculum instruction educational leadership professional summary result driven education professional year progressive experience proven ability deliver result collaborate effectively drive continuous improvement strong communication leadership analytical skill passion innovation
cv_138,jasmine parker staff professional year experience sale field skill expertise sale sale account management business development cold calling prospecting lead qualification sale pipeline crm salesforce hubspot sale presentation negotiation closing technique customer relationship management territory management quota achievement professional experience implemented customer success program reducing churn percent increasing net revenue retention percent expanded regional territory generating million new revenue education bachelor degree communication psychology professional summary result driven sale professional year progressive experience proven ability deliver result collaborate effectively drive continuous improvement strong communication leadership analytical skill passion innovation
cv_139,arjun evans principal professional year experience project management field skill expertise okr goal setting strategic planning roadmap development product roadmap technology roadmap digital transformation innovation management design thinking human centered design service design process redesign automation robotic process automation rpa professional experience delivered million dollar erp implementation time budget managed cross functional team people across country implemented agile reducing delivery time percent education bachelor degree business administration project management professional summary result driven project management professional year progressive experience proven ability deliver result collaborate effectively drive continuous improvement strong communication leadership analytical skill passion innovation
cv_140,timothy edward senior professional year experience cybersecurity field skill expertise threat hunting red team blue team purple team adversary simulation mitre att framework threat modeling security architecture security engineering bug bounty responsible disclosure cve vulnerability research exploit development professional experience built threat intelligence program identifying neutralizing advanced persistent threat group conducted red team exercise exposing critical vulnerability production system education bachelor degree information technology security administration professional summary result driven cybersecurity professional year progressive experience proven ability deliver result collaborate effectively drive continuous improvement strong communication leadership analytical skill passion innovation
cv_141,joshua collins junior professional year experience data science field skill expertise python machine learning deep learning neural network tensorflow pytorch scikit learn panda numpy data analysis statistical modeling regression classification clustering natural language processing computer vision data visualization matplotlib seaborn sql database big data spark hadoop feature engineering model deployment mlops professional experience designed deployed natural language processing system automated customer support handling query daily built real time fraud detection model saving company million dollar annually education master degree applied mathematics statistic university professional summary result driven data science professional year progressive experience proven ability deliver result collaborate effectively drive continuous improvement strong communication leadership analytical skill passion innovation
cv_142,miguel stewart principal professional year experience software engineering field skill expertise golang rust scala elixir phoenix event driven architecture cqrs event sourcing domain driven design hexagonal architecture clean code solid principle twelve factor app observability logging monitoring tracing prometheus grafana datadog professional experience led technical architecture review modernizing legacy codebase reducing technical debt percent built developer platform increasing team productivity percent education bachelor degree computer science software engineering professional summary result driven software engineering professional year progressive experience proven ability deliver result collaborate effectively drive continuous improvement strong communication leadership analytical skill passion innovation
cv_143,derrick sanchez junior professional year experience marketing field skill expertise market research competitive analysis customer segmentation buyer persona campaign management marketing automation hubspot salesforce crm analytics google analytics content creation copywriting blog writing social medium management community management influencer marketing professional experience developed content strategy increasing organic traffic percent managed google ad campaign million dollar annual budget achieving roi created brand guideline adopted across country education bachelor degree journalism communication public relation professional summary result driven marketing professional year progressive experience proven ability deliver result collaborate effectively drive continuous improvement strong communication leadership analytical skill passion innovation
cv_144,raj morris principal professional year experience finance field skill expertise financial analysis financial modeling budgeting forecasting accounting financial reporting variance analysis cost analysis profit loss balance sheet cash flow statement excel advanced formula pivot table vlookup financial planning investment analysis portfolio management professional experience built financial model ipo roadshow raising million dollar developed pricing model new product line improving gross margin percentage point education master degree financial engineering quantitative finance professional summary result driven finance professional year progressive experience proven ability deliver result collaborate effectively drive continuous improvement strong communication leadership analytical skill passion innovation
cv_145,megan rogers senior professional year experience human resource field skill expertise total reward job architecture salary benchmarking equity compensation stock option restricted stock unit executive compensation benefit design wellness program employee experience design employer branding talent brand candidate experience glassdoor management professional experience built people analytics function providing data driven insight business leader implemented predictive attrition model allowing proactive retention intervention education master degree business administration organizational development professional summary result driven human resource professional year progressive experience proven ability deliver result collaborate effectively drive continuous improvement strong communication leadership analytical skill passion innovation
cv_146,ahmed reed principal professional year experience healthcare field skill expertise physical therapy occupational therapy speech therapy rehabilitation patient education wound care surgical procedure operating room intensive care unit emergency medicine pediatrics geriatrics oncology cardiology neurology orthopedics mental health psychiatry professional experience led quality improvement initiative achieving joint commission accreditation without deficiency developed staffing model optimizing nurse patient ratio reducing burnout education bachelor degree nursing registered nurse professional summary result driven healthcare professional year progressive experience proven ability deliver result collaborate effectively drive continuous improvement strong communication leadership analytical skill passion innovation
cv_147,priya cook staff professional year experience education field skill expertise educational psychology child development learning theory behavior management parent communication school counseling academic advising college preparation standardized testing tutoring mentoring student support service inclusive education universal design learning professional experience designed online learning platform used student conducted action research published educational journal created inclusive classroom achieving percent student engagement education doctor education edd phd educational psychology professional summary result driven education professional year progressive experience proven ability deliver result collaborate effectively drive continuous improvement strong communication leadership analytical skill passion innovation
cv_148,michael morgan principal professional year experience sale field skill expertise solution selling consultative selling value based selling enterprise sale inside sale outside sale field sale channel sale partner management distributor relationship revenue growth market penetration customer success upselling cross selling renewal management professional experience led sale team representative achieving percent team quota implemented new methodology increasing conversion rate percent education master degree business administration mba sale management professional summary result driven sale professional year progressive experience proven ability deliver result collaborate effectively drive continuous improvement strong communication leadership analytical skill passion innovation
cv_149,nicole bell lead professional year experience project management field skill expertise microsoft project jira confluence trello asana monday gantt chart work breakdown structure critical path method earned value management project governance program management portfolio management benefit realization strategic alignment cross functional team professional experience delivered million dollar erp implementation time budget managed cross functional team people across country implemented agile reducing delivery time percent education bachelor degree engineering industrial management professional summary result driven project management professional year progressive experience proven ability deliver result collaborate effectively drive continuous improvement strong communication leadership analytical skill passion innovation
cv_150,sofia murphy senior professional year experience cybersecurity field skill expertise cloud security application security web application security owasp devsecops secure coding code review static analysis dynamic analysis authentication authorization identity access management encryption cryptography professional experience led incident response team handling security incident annually preventing estimated million dollar damage implemented zero trust architecture reducing breach percent education master degree information security cybersecurity network security professional summary result driven cybersecurity professional year progressive experience proven ability deliver result collaborate effectively drive continuous improvement strong communication leadership analytical skill passion innovation
cv_151,jessica wilson senior professional year experience data science field skill expertise data engineering apache spark kafka airflow dbt snowflake databricks data lake data mesh feature store mlflow kubeflow vertex sagemaker data quality monitoring model drift detection explainable responsible causal inference bayesian method professional experience developed machine learning model predict customer churn reducing attrition percent built recommendation system increasing user engagement percent created automated data pipeline processing million record daily education master degree data science machine learning artificial intelligence professional summary result driven data science professional year progressive experience proven ability deliver result collaborate effectively drive continuous improvement strong communication leadership analytical skill passion innovation
cv_152,troy johnson staff professional year experience software engineering field skill expertise golang rust scala elixir phoenix event driven architecture cqrs event sourcing domain driven design hexagonal architecture clean code solid principle twelve factor app observability logging monitoring tracing prometheus grafana datadog professional experience developed scalable microservices architecture serving million user daily reduced api response time percent led migration monolithic cloud native architecture saving percent infrastructure cost education master degree computer science software system professional summary result driven software engineering professional year progressive experience proven ability deliver result collaborate effectively drive continuous improvement strong communication leadership analytical skill passion innovation
cv_153,fatima brown junior professional year experience marketing field skill expertise product marketing market strategy launch campaign brand awareness demand generation inbound marketing outbound marketing account based marketing public relation medium relation press release event marketing trade show webinars customer retention loyalty program professional experience developed content strategy increasing organic traffic percent managed google ad campaign million dollar annual budget achieving roi created brand guideline adopted across country education bachelor degree marketing communication business administration professional summary result driven marketing professional year progressive experience proven ability deliver result collaborate effectively drive continuous improvement strong communication leadership analytical skill passion innovation
cv_154,daniel davis lead professional year experience finance field skill expertise quantitative analysis derivative option future fixed income equity research bloomberg terminal reuters trading financial market investment banking private equity venture capital hedge fund mutual fund asset management wealth management financial advisory professional experience built financial model ipo roadshow raising million dollar developed pricing model new product line improving gross margin percentage point education chartered financial analyst cfa certified public accountant cpa professional summary result driven finance professional year progressive experience proven ability deliver result collaborate effectively drive continuous improvement strong communication leadership analytical skill passion innovation
cv_155,christopher martinez senior professional year experience human resource field skill expertise total reward job architecture salary benchmarking equity compensation stock option restricted stock unit executive compensation benefit design wellness program employee experience design employer branding talent brand candidate experience glassdoor management professional experience led diversity initiative increasing diverse hire percent redesigned benefit package improving employee satisfaction percent education master degree business administration organizational development professional summary result driven human resource professional year progressive experience proven ability deliver result collaborate effectively drive continuous improvement strong communication leadership analytical skill passion innovation
cv_156,andrew taylor principal professional year experience healthcare field skill expertise population health management chronic disease management care coordination case management utilization review prior authorization denial management revenue cycle management value based care accountable care organization patient centered medical home professional experience implemented telehealth program serving patient monthly pandemic maintaining care continuity developed triage protocol reducing emergency department wait time percent education bachelor degree nursing registered nurse professional summary result driven healthcare professional year progressive experience proven ability deliver result collaborate effectively drive continuous improvement strong communication leadership analytical skill passion innovation
cv_157,lauren anderson junior professional year experience education field skill expertise instructional design elearning development articulate storyline adobe captivate learning management system training need analysis performance consulting blended learning microlearning gamification badge certification corporate training workforce development professional experience established tutoring program improving risk student graduation rate percent coordinated professional development teacher education doctor education edd phd educational psychology professional summary result driven education professional year progressive experience proven ability deliver result collaborate effectively drive continuous improvement strong communication leadership analytical skill passion innovation
cv_158,kayla thomas staff professional year experience sale field skill expertise solution selling consultative selling value based selling enterprise sale inside sale outside sale field sale channel sale partner management distributor relationship revenue growth market penetration customer success upselling cross selling renewal management professional experience implemented customer success program reducing churn percent increasing net revenue retention percent expanded regional territory generating million new revenue education bachelor degree business administration sale marketing professional summary result driven sale professional year progressive experience proven ability deliver result collaborate effectively drive continuous improvement strong communication leadership analytical skill passion innovation
cv_159,wei jackson principal professional year experience project management field skill expertise project planning project scheduling resource allocation budget management risk management stakeholder management project documentation status reporting change management project closure lesson learned pmp certification agile scrum kanban waterfall methodology professional experience led digital transformation initiative modernizing legacy system affecting employee managed vendor relationship million dollar technology contract education bachelor degree engineering industrial management professional summary result driven project management professional year progressive experience proven ability deliver result collaborate effectively drive continuous improvement strong communication leadership analytical skill passion innovation
cv_160,sarah white staff professional year experience cybersecurity field skill expertise cloud security application security web application security owasp devsecops secure coding code review static analysis dynamic analysis authentication authorization identity access management encryption cryptography professional experience conducted penetration testing identifying critical vulnerability built security operation center monitoring endpoint hour day education bachelor degree information technology security administration professional summary result driven cybersecurity professional year progressive experience proven ability deliver result collaborate effectively drive continuous improvement strong communication leadership analytical skill passion innovation
cv_161,ashley harris lead professional year experience data science field skill expertise python machine learning deep learning neural network tensorflow pytorch scikit learn panda numpy data analysis statistical modeling regression classification clustering natural language processing computer vision data visualization matplotlib seaborn sql database big data spark hadoop feature engineering model deployment mlops professional experience built computer vision system detecting product defect percent accuracy reducing quality control cost percent implemented testing framework running simultaneous experiment education phd computational linguistics natural language processing professional summary result driven data science professional year progressive experience proven ability deliver result collaborate effectively drive continuous improvement strong communication leadership analytical skill passion innovation
cv_162,luis martin senior professional year experience software engineering field skill expertise software testing unit testing integration testing test driven development code review refactoring performance optimization security best practice authentication authorization oauth jwt api design documentation technical writing system design distributed system professional experience developed scalable microservices architecture serving million user daily reduced api response time percent led migration monolithic cloud native architecture saving percent infrastructure cost education master degree computer science software system professional summary result driven software engineering professional year progressive experience proven ability deliver result collaborate effectively drive continuous improvement strong communication leadership analytical skill passion innovation
cv_163,isabella thompson principal professional year experience marketing field skill expertise growth hacking viral marketing referral program affiliate marketing programmatic advertising retargeting lookalike audience customer lifetime value cohort analysis funnel optimization landing page optimization testing multivariate testing attribution modeling professional experience built marketing automation system reducing manual work percent conducted market research informing product roadmap established influencer partnership reaching million potential customer education master degree business administration mba marketing professional summary result driven marketing professional year progressive experience proven ability deliver result collaborate effectively drive continuous improvement strong communication leadership analytical skill passion innovation
cv_164,brittany garcia senior professional year experience finance field skill expertise crypto defi blockchain fintech payment processing banking regulation basel iii stress testing liquidity risk credit risk market risk operational risk model risk management esg investing sustainable finance impact investing factor investing smart beta professional experience prepared financial model supporting million dollar acquisition decision managed million dollar budget identifying million cost saving implemented financial reporting system reducing close time day education chartered financial analyst cfa certified public accountant cpa professional summary result driven finance professional year progressive experience proven ability deliver result collaborate effectively drive continuous improvement strong communication leadership analytical skill passion innovation
cv_165,omar robinson staff professional year experience human resource field skill expertise talent acquisition recruitment sourcing interviewing candidate assessment onboarding employee relation performance management compensation benefit administration policy procedure employee engagement retention training development succession planning workforce planning professional experience built people analytics function providing data driven insight business leader implemented predictive attrition model allowing proactive retention intervention education bachelor degree human resource management psychology professional summary result driven human resource professional year progressive experience proven ability deliver result collaborate effectively drive continuous improvement strong communication leadership analytical skill passion innovation
cv_166,marcus lewis mid level professional year experience healthcare field skill expertise population health management chronic disease management care coordination case management utilization review prior authorization denial management revenue cycle management value based care accountable care organization patient centered medical home professional experience implemented telehealth program serving patient monthly pandemic maintaining care continuity developed triage protocol reducing emergency department wait time percent education bachelor degree nursing registered nurse professional summary result driven healthcare professional year progressive experience proven ability deliver result collaborate effectively drive continuous improvement strong communication leadership analytical skill passion innovation
cv_167,rachel walker staff professional year experience education field skill expertise higher education academic research teaching university college faculty instruction course design online learning lm canvas blackboard moodle academic publishing peer review grant writing research methodology literature review thesis dissertation advising professional experience implemented social emotional learning curriculum reducing disciplinary incident percent developed family engagement program increasing parent participation percent education master degree special education learning disability professional summary result driven education professional year progressive experience proven ability deliver result collaborate effectively drive continuous improvement strong communication leadership analytical skill passion innovation
cv_168,yuki hall principal professional year experience sale field skill expertise sale sale account management business development cold calling prospecting lead qualification sale pipeline crm salesforce hubspot sale presentation negotiation closing technique customer relationship management territory management quota achievement professional experience led sale team representative achieving percent team quota implemented new methodology increasing conversion rate percent education bachelor degree communication psychology professional summary result driven sale professional year progressive experience proven ability deliver result collaborate effectively drive continuous improvement strong communication leadership analytical skill passion innovation
cv_169,ryan allen junior professional year experience project management field skill expertise scope management requirement gathering business analysis process improvement lean six sigma quality management vendor management contract management procurement outsourcing offshore team remote team management virtual collaboration communication facilitation professional experience managed portfolio concurrent project totaling million dollar establishing pmo improved time delivery percent education bachelor degree engineering industrial management professional summary result driven project management professional year progressive experience proven ability deliver result collaborate effectively drive continuous improvement strong communication leadership analytical skill passion innovation
cv_170,vanessa young principal professional year experience cybersecurity field skill expertise security operation center incident response digital forensics log analysis security monitoring network traffic analysis wireshark nmap metasploit kali linux security auditing compliance pci ds iso nist framework zero trust professional experience conducted penetration testing identifying critical vulnerability built security operation center monitoring endpoint hour day education certified information system security professional cissp certified ethical hacker ceh professional summary result driven cybersecurity professional year progressive experience proven ability deliver result collaborate effectively drive continuous improvement strong communication leadership analytical skill passion innovation
cv_171,jeremy hernandez junior professional year experience data science field skill expertise data engineering apache spark kafka airflow dbt snowflake databricks data lake data mesh feature store mlflow kubeflow vertex sagemaker data quality monitoring model drift detection explainable responsible causal inference bayesian method professional experience developed machine learning model predict customer churn reducing attrition percent built recommendation system increasing user engagement percent created automated data pipeline processing million record daily education master degree data science machine learning artificial intelligence professional summary result driven data science professional year progressive experience proven ability deliver result collaborate effectively drive continuous improvement strong communication leadership analytical skill passion innovation
cv_172,amanda king staff professional year experience software engineering field skill expertise java python javascript typescript react angular vue nodejs express django flask spring boot microservices rest api graphql docker kubernetes devops git agile scrum software architecture design pattern object oriented programming functional programming professional experience built full stack web application used customer implemented pipeline reducing deployment time day hour mentored junior developer maintaining high code quality education self taught software engineer bootcamp coding professional summary result driven software engineering professional year progressive experience proven ability deliver result collaborate effectively drive continuous improvement strong communication leadership analytical skill passion innovation
cv_173,stephanie wright lead professional year experience marketing field skill expertise product marketing market strategy launch campaign brand awareness demand generation inbound marketing outbound marketing account based marketing public relation medium relation press release event marketing trade show webinars customer retention loyalty program professional experience launched referral program acquiring new customer percent traditional cac implemented personalization engine increasing conversion rate percent education master degree business administration mba marketing professional summary result driven marketing professional year progressive experience proven ability deliver result collaborate effectively drive continuous improvement strong communication leadership analytical skill passion innovation
cv_174,samantha lopez lead professional year experience finance field skill expertise crypto defi blockchain fintech payment processing banking regulation basel iii stress testing liquidity risk credit risk market risk operational risk model risk management esg investing sustainable finance impact investing factor investing smart beta professional experience built financial model ipo roadshow raising million dollar developed pricing model new product line improving gross margin percentage point education master degree finance mba business administration professional summary result driven finance professional year progressive experience proven ability deliver result collaborate effectively drive continuous improvement strong communication leadership analytical skill passion innovation
cv_175,amber hill lead professional year experience human resource field skill expertise human resource information system hris workday sap oracle applicant tracking system at linkedin recruiter boolean search behavioral interviewing competency based hiring diversity inclusion equity belonging organizational development change management professional experience reduced time hire day hired employee one year maintaining percent retention designed onboarding program increasing new hire productivity percent education professional human resource phr senior professional human resource sphr professional summary result driven human resource professional year progressive experience proven ability deliver result collaborate effectively drive continuous improvement strong communication leadership analytical skill passion innovation
cv_176,akira scott staff professional year experience healthcare field skill expertise physical therapy occupational therapy speech therapy rehabilitation patient education wound care surgical procedure operating room intensive care unit emergency medicine pediatrics geriatrics oncology cardiology neurology orthopedics mental health psychiatry professional experience provided patient care patient daily maintaining percent satisfaction implemented clinical protocol reducing hospital acquired infection percent trained new staff education doctor medicine physician medical school residency professional summary result driven healthcare professional year progressive experience proven ability deliver result collaborate effectively drive continuous improvement strong communication leadership analytical skill passion innovation
cv_177,monica green principal professional year experience education field skill expertise instructional design elearning development articulate storyline adobe captivate learning management system training need analysis performance consulting blended learning microlearning gamification badge certification corporate training workforce development professional experience designed online learning platform used student conducted action research published educational journal created inclusive classroom achieving percent student engagement education master degree special education learning disability professional summary result driven education professional year progressive experience proven ability deliver result collaborate effectively drive continuous improvement strong communication leadership analytical skill passion innovation
cv_178,emily adam lead professional year experience sale field skill expertise sale strategy sale forecasting sale analytics competitive intelligence product knowledge technical sale demo presentation proof concept proposal writing contract negotiation sale operation sale enablement sale training coaching team leadership professional experience closed largest deal company history valued million dollar expanded existing account growing annual contract million education bachelor degree liberal art business minor professional summary result driven sale professional year progressive experience proven ability deliver result collaborate effectively drive continuous improvement strong communication leadership analytical skill passion innovation
cv_179,kevin baker mid level professional year experience project management field skill expertise microsoft project jira confluence trello asana monday gantt chart work breakdown structure critical path method earned value management project governance program management portfolio management benefit realization strategic alignment cross functional team professional experience led digital transformation initiative modernizing legacy system affecting employee managed vendor relationship million dollar technology contract education bachelor degree engineering industrial management professional summary result driven project management professional year progressive experience proven ability deliver result collaborate effectively drive continuous improvement strong communication leadership analytical skill passion innovation
cv_180,layla nelson staff professional year experience cybersecurity field skill expertise network security information security penetration testing vulnerability assessment ethical hacking firewall intrusion detection prevention system siem endpoint protection antivirus malware analysis threat intelligence professional experience developed security training reducing phishing success rate percent implemented cloud security control achieving iso certification education bachelor degree information technology security administration professional summary result driven cybersecurity professional year progressive experience proven ability deliver result collaborate effectively drive continuous improvement strong communication leadership analytical skill passion innovation
cv_181,david carter junior professional year experience data science field skill expertise data engineering apache spark kafka airflow dbt snowflake databricks data lake data mesh feature store mlflow kubeflow vertex sagemaker data quality monitoring model drift detection explainable responsible causal inference bayesian method professional experience analyzed large datasets using python sql identify business opportunity led team data scientist delivering project time published research paper deep learning application education master degree applied mathematics statistic university professional summary result driven data science professional year progressive experience proven ability deliver result collaborate effectively drive continuous improvement strong communication leadership analytical skill passion innovation
cv_182,neha mitchell junior professional year experience software engineering field skill expertise software testing unit testing integration testing test driven development code review refactoring performance optimization security best practice authentication authorization oauth jwt api design documentation technical writing system design distributed system professional experience developed scalable microservices architecture serving million user daily reduced api response time percent led migration monolithic cloud native architecture saving percent infrastructure cost education self taught software engineer bootcamp coding professional summary result driven software engineering professional year progressive experience proven ability deliver result collaborate effectively drive continuous improvement strong communication leadership analytical skill passion innovation
cv_183,matthew perez lead professional year experience marketing field skill expertise growth hacking viral marketing referral program affiliate marketing programmatic advertising retargeting lookalike audience customer lifetime value cohort analysis funnel optimization landing page optimization testing multivariate testing attribution modeling professional experience managed social medium account growing follower increased email open rate percent led product launch campaign generating million dollar first month revenue education master degree marketing digital marketing business professional summary result driven marketing professional year progressive experience proven ability deliver result collaborate effectively drive continuous improvement strong communication leadership analytical skill passion innovation
cv_184,carlos robert senior professional year experience finance field skill expertise financial analysis financial modeling budgeting forecasting accounting financial reporting variance analysis cost analysis profit loss balance sheet cash flow statement excel advanced formula pivot table vlookup financial planning investment analysis portfolio management professional experience restructured million dollar debt facility saving million annual interest expense implemented treasury management system improving cash visibility across country education chartered financial analyst cfa certified public accountant cpa professional summary result driven finance professional year progressive experience proven ability deliver result collaborate effectively drive continuous improvement strong communication leadership analytical skill passion innovation
cv_185,justin turner senior professional year experience human resource field skill expertise talent acquisition recruitment sourcing interviewing candidate assessment onboarding employee relation performance management compensation benefit administration policy procedure employee engagement retention training development succession planning workforce planning professional experience led diversity initiative increasing diverse hire percent redesigned benefit package improving employee satisfaction percent education master degree business administration organizational development professional summary result driven human resource professional year progressive experience proven ability deliver result collaborate effectively drive continuous improvement strong communication leadership analytical skill passion innovation
cv_186,valentina phillips mid level professional year experience healthcare field skill expertise patient care clinical documentation electronic health record ehr epic cerner medical terminology anatomy physiology pharmacology nursing diagnosis treatment planning medication administration vital sign monitoring patient assessment healthcare compliance hipaa professional experience led quality improvement initiative achieving joint commission accreditation without deficiency developed staffing model optimizing nurse patient ratio reducing burnout education bachelor degree nursing registered nurse professional summary result driven healthcare professional year progressive experience proven ability deliver result collaborate effectively drive continuous improvement strong communication leadership analytical skill passion innovation
cv_187,eric campbell junior professional year experience education field skill expertise educational psychology child development learning theory behavior management parent communication school counseling academic advising college preparation standardized testing tutoring mentoring student support service inclusive education universal design learning professional experience developed curriculum improving student test score percent implemented technology integration across classroom mentored first year teacher improving effectiveness education master degree special education learning disability professional summary result driven education professional year progressive experience proven ability deliver result collaborate effectively drive continuous improvement strong communication leadership analytical skill passion innovation
cv_188,james parker junior professional year experience sale field skill expertise saas sale subscription sale recurring revenue arr mrr churn reduction expansion revenue land expand outbound prospecting sequence automation outreach apollo zoominfo linkedin sale navigator social selling video prospecting professional experience led sale team representative achieving percent team quota implemented new methodology increasing conversion rate percent education bachelor degree communication psychology professional summary result driven sale professional year progressive experience proven ability deliver result collaborate effectively drive continuous improvement strong communication leadership analytical skill passion innovation
cv_189,melissa evans senior professional year experience project management field skill expertise scope management requirement gathering business analysis process improvement lean six sigma quality management vendor management contract management procurement outsourcing offshore team remote team management virtual collaboration communication facilitation professional experience delivered million dollar erp implementation time budget managed cross functional team people across country implemented agile reducing delivery time percent education project management professional pmp agile certified practitioner professional summary result driven project management professional year progressive experience proven ability deliver result collaborate effectively drive continuous improvement strong communication leadership analytical skill passion innovation
cv_190,chen edward principal professional year experience cybersecurity field skill expertise threat hunting red team blue team purple team adversary simulation mitre att framework threat modeling security architecture security engineering bug bounty responsible disclosure cve vulnerability research exploit development professional experience conducted penetration testing identifying critical vulnerability built security operation center monitoring endpoint hour day education master degree information security cybersecurity network security professional summary result driven cybersecurity professional year progressive experience proven ability deliver result collaborate effectively drive continuous improvement strong communication leadership analytical skill passion innovation
cv_191,brandon collins junior professional year experience data science field skill expertise statistical analysis predictive modeling data mining exploratory data analysis hypothesis testing testing time series forecasting business intelligence tableau power programming data warehousing etl pipeline cloud computing aws gcp azure jupyter notebook git version control professional experience analyzed large datasets using python sql identify business opportunity led team data scientist delivering project time published research paper deep learning application education master degree data science machine learning artificial intelligence professional summary result driven data science professional year progressive experience proven ability deliver result collaborate effectively drive continuous improvement strong communication leadership analytical skill passion innovation
cv_192,jasmine stewart mid level professional year experience software engineering field skill expertise backend development frontend development full stack web development mobile development io android react native flutter database design postgresql mysql mongodb redis elasticsearch message queue kafka rabbitmq cloud service aws azure google cloud serverless function professional experience led technical architecture review modernizing legacy codebase reducing technical debt percent built developer platform increasing team productivity percent education master degree computer science software system professional summary result driven software engineering professional year progressive experience proven ability deliver result collaborate effectively drive continuous improvement strong communication leadership analytical skill passion innovation
cv_193,arjun sanchez staff professional year experience marketing field skill expertise product marketing market strategy launch campaign brand awareness demand generation inbound marketing outbound marketing account based marketing public relation medium relation press release event marketing trade show webinars customer retention loyalty program professional experience launched referral program acquiring new customer percent traditional cac implemented personalization engine increasing conversion rate percent education bachelor degree journalism communication public relation professional summary result driven marketing professional year progressive experience proven ability deliver result collaborate effectively drive continuous improvement strong communication leadership analytical skill passion innovation
cv_194,timothy morris junior professional year experience finance field skill expertise crypto defi blockchain fintech payment processing banking regulation basel iii stress testing liquidity risk credit risk market risk operational risk model risk management esg investing sustainable finance impact investing factor investing smart beta professional experience managed investment portfolio million dollar achieving percent benchmark conducted due diligence potential acquisition target built financial planning model year strategy education master degree finance mba business administration professional summary result driven finance professional year progressive experience proven ability deliver result collaborate effectively drive continuous improvement strong communication leadership analytical skill passion innovation
cv_195,joshua rogers staff professional year experience human resource field skill expertise labor relation employment law compliance payroll administration leave management conflict resolution disciplinary procedure termination offboarding analytics people analytics employee survey culture building team building leadership development coaching mentoring professional experience negotiated new union contract maintaining positive labor relation implemented hris system streamlining process saving hour manual work annually education professional human resource phr senior professional human resource sphr professional summary result driven human resource professional year progressive experience proven ability deliver result collaborate effectively drive continuous improvement strong communication leadership analytical skill passion innovation
cv_196,miguel reed mid level professional year experience healthcare field skill expertise physical therapy occupational therapy speech therapy rehabilitation patient education wound care surgical procedure operating room intensive care unit emergency medicine pediatrics geriatrics oncology cardiology neurology orthopedics mental health psychiatry professional experience implemented telehealth program serving patient monthly pandemic maintaining care continuity developed triage protocol reducing emergency department wait time percent education doctor medicine physician medical school residency professional summary result driven healthcare professional year progressive experience proven ability deliver result collaborate effectively drive continuous improvement strong communication leadership analytical skill passion innovation
cv_197,derrick cook lead professional year experience education field skill expertise instructional design elearning development articulate storyline adobe captivate learning management system training need analysis performance consulting blended learning microlearning gamification badge certification corporate training workforce development professional experience developed curriculum improving student test score percent implemented technology integration across classroom mentored first year teacher improving effectiveness education master degree education curriculum instruction educational leadership professional summary result driven education professional year progressive experience proven ability deliver result collaborate effectively drive continuous improvement strong communication leadership analytical skill passion innovation
cv_198,raj morgan staff professional year experience sale field skill expertise sale strategy sale forecasting sale analytics competitive intelligence product knowledge technical sale demo presentation proof concept proposal writing contract negotiation sale operation sale enablement sale training coaching team leadership professional experience closed largest deal company history valued million dollar expanded existing account growing annual contract million education bachelor degree business administration sale marketing professional summary result driven sale professional year progressive experience proven ability deliver result collaborate effectively drive continuous improvement strong communication leadership analytical skill passion innovation
cv_199,megan bell principal professional year experience project management field skill expertise scope management requirement gathering business analysis process improvement lean six sigma quality management vendor management contract management procurement outsourcing offshore team remote team management virtual collaboration communication facilitation professional experience delivered million dollar erp implementation time budget managed cross functional team people across country implemented agile reducing delivery time percent education bachelor degree business administration project management professional summary result driven project management professional year progressive experience proven ability deliver result collaborate effectively drive continuous improvement strong communication leadership analytical skill passion innovation
cv_200,ahmed murphy mid level professional year experience cybersecurity field skill expertise cloud security application security web application security owasp devsecops secure coding code review static analysis dynamic analysis authentication authorization identity access management encryption cryptography professional experience conducted penetration testing identifying critical vulnerability built security operation center monitoring endpoint hour day education certified information system security professional cissp certified ethical hacker ceh professional summary result driven cybersecurity professional year progressive experience proven ability deliver result collaborate effectively drive continuous improvement strong communication leadership analytical skill passion innovation
cv_201,priya wilson staff professional year experience data science field skill expertise supervised learning unsupervised learning reinforcement learning convolutional neural network recurrent neural network transformer bert gpt word embeddings topic modeling sentiment analysis named entity recognition text classification image recognition object detection professional experience analyzed large datasets using python sql identify business opportunity led team data scientist delivering project time published research paper deep learning application education bachelor degree computer science statistic mathematics professional summary result driven data science professional year progressive experience proven ability deliver result collaborate effectively drive continuous improvement strong communication leadership analytical skill passion innovation
cv_202,michael johnson principal professional year experience software engineering field skill expertise software testing unit testing integration testing test driven development code review refactoring performance optimization security best practice authentication authorization oauth jwt api design documentation technical writing system design distributed system professional experience led technical architecture review modernizing legacy codebase reducing technical debt percent built developer platform increasing team productivity percent education bachelor degree computer science software engineering professional summary result driven software engineering professional year progressive experience proven ability deliver result collaborate effectively drive continuous improvement strong communication leadership analytical skill passion innovation
cv_203,nicole brown senior professional year experience marketing field skill expertise market research competitive analysis customer segmentation buyer persona campaign management marketing automation hubspot salesforce crm analytics google analytics content creation copywriting blog writing social medium management community management influencer marketing professional experience managed social medium account growing follower increased email open rate percent led product launch campaign generating million dollar first month revenue education bachelor degree journalism communication public relation professional summary result driven marketing professional year progressive experience proven ability deliver result collaborate effectively drive continuous improvement strong communication leadership analytical skill passion innovation
cv_204,sofia davis principal professional year experience finance field skill expertise corporate finance valuation discounted cash flow dcf merger acquisition due diligence risk management compliance regulatory reporting gaap ifrs auditing internal control sox compliance tax planning treasury management working capital management professional experience led team analyst producing quarterly financial report developed risk management framework adopted company wide identified investment opportunity generating percent annual return education master degree finance mba business administration professional summary result driven finance professional year progressive experience proven ability deliver result collaborate effectively drive continuous improvement strong communication leadership analytical skill passion innovation
cv_205,jessica martinez lead professional year experience human resource field skill expertise labor relation employment law compliance payroll administration leave management conflict resolution disciplinary procedure termination offboarding analytics people analytics employee survey culture building team building leadership development coaching mentoring professional experience implemented performance management system employee managing compensation review saving company million annually developed training program reducing turnover percent education professional human resource phr senior professional human resource sphr professional summary result driven human resource professional year progressive experience proven ability deliver result collaborate effectively drive continuous improvement strong communication leadership analytical skill passion innovation
cv_206,troy taylor junior professional year experience healthcare field skill expertise physical therapy occupational therapy speech therapy rehabilitation patient education wound care surgical procedure operating room intensive care unit emergency medicine pediatrics geriatrics oncology cardiology neurology orthopedics mental health psychiatry professional experience provided patient care patient daily maintaining percent satisfaction implemented clinical protocol reducing hospital acquired infection percent trained new staff education bachelor degree health science pre medicine biology professional summary result driven healthcare professional year progressive experience proven ability deliver result collaborate effectively drive continuous improvement strong communication leadership analytical skill passion innovation
cv_207,fatima anderson junior professional year experience education field skill expertise educational psychology child development learning theory behavior management parent communication school counseling academic advising college preparation standardized testing tutoring mentoring student support service inclusive education universal design learning professional experience launched project based learning initiative increasing student motivation score percent created community partnership program providing real world learning experience education doctor education edd phd educational psychology professional summary result driven education professional year progressive experience proven ability deliver result collaborate effectively drive continuous improvement strong communication leadership analytical skill passion innovation
cv_208,daniel thomas lead professional year experience sale field skill expertise sale sale account management business development cold calling prospecting lead qualification sale pipeline crm salesforce hubspot sale presentation negotiation closing technique customer relationship management territory management quota achievement professional experience closed largest deal company history valued million dollar expanded existing account growing annual contract million education bachelor degree business administration sale marketing professional summary result driven sale professional year progressive experience proven ability deliver result collaborate effectively drive continuous improvement strong communication leadership analytical skill passion innovation
cv_209,christopher jackson staff professional year experience project management field skill expertise scope management requirement gathering business analysis process improvement lean six sigma quality management vendor management contract management procurement outsourcing offshore team remote team management virtual collaboration communication facilitation professional experience led organizational change management major restructuring affecting employee achieving percent adoption within month new system education bachelor degree engineering industrial management professional summary result driven project management professional year progressive experience proven ability deliver result collaborate effectively drive continuous improvement strong communication leadership analytical skill passion innovation
cv_210,andrew white junior professional year experience cybersecurity field skill expertise network security information security penetration testing vulnerability assessment ethical hacking firewall intrusion detection prevention system siem endpoint protection antivirus malware analysis threat intelligence professional experience conducted penetration testing identifying critical vulnerability built security operation center monitoring endpoint hour day education bachelor degree information technology security administration professional summary result driven cybersecurity professional year progressive experience proven ability deliver result collaborate effectively drive continuous improvement strong communication leadership analytical skill passion innovation
cv_211,lauren harris staff professional year experience data science field skill expertise supervised learning unsupervised learning reinforcement learning convolutional neural network recurrent neural network transformer bert gpt word embeddings topic modeling sentiment analysis named entity recognition text classification image recognition object detection professional experience created demand forecasting model reducing inventory cost percent developed customer segmentation analysis identifying high value segment built executive dashboard used suite daily education master degree data science machine learning artificial intelligence professional summary result driven data science professional year progressive experience proven ability deliver result collaborate effectively drive continuous improvement strong communication leadership analytical skill passion innovation
cv_212,kayla martin junior professional year experience software engineering field skill expertise golang rust scala elixir phoenix event driven architecture cqrs event sourcing domain driven design hexagonal architecture clean code solid principle twelve factor app observability logging monitoring tracing prometheus grafana datadog professional experience designed distributed system processing billion event per day contributed open source project optimized database query reducing load time percent education self taught software engineer bootcamp coding professional summary result driven software engineering professional year progressive experience proven ability deliver result collaborate effectively drive continuous improvement strong communication leadership analytical skill passion innovation
cv_213,wei thompson lead professional year experience marketing field skill expertise digital marketing social medium marketing content marketing email marketing search engine optimization seo search engine marketing sem google ad facebook ad instagram marketing brand management marketing strategy customer acquisition lead generation conversion optimization professional experience managed social medium account growing follower increased email open rate percent led product launch campaign generating million dollar first month revenue education bachelor degree journalism communication public relation professional summary result driven marketing professional year progressive experience proven ability deliver result collaborate effectively drive continuous improvement strong communication leadership analytical skill passion innovation
cv_214,sarah garcia lead professional year experience finance field skill expertise financial analysis financial modeling budgeting forecasting accounting financial reporting variance analysis cost analysis profit loss balance sheet cash flow statement excel advanced formula pivot table vlookup financial planning investment analysis portfolio management professional experience led team analyst producing quarterly financial report developed risk management framework adopted company wide identified investment opportunity generating percent annual return education master degree finance mba business administration professional summary result driven finance professional year progressive experience proven ability deliver result collaborate effectively drive continuous improvement strong communication leadership analytical skill passion innovation
cv_215,ashley robinson principal professional year experience human resource field skill expertise labor relation employment law compliance payroll administration leave management conflict resolution disciplinary procedure termination offboarding analytics people analytics employee survey culture building team building leadership development coaching mentoring professional experience negotiated new union contract maintaining positive labor relation implemented hris system streamlining process saving hour manual work annually education master degree business administration organizational development professional summary result driven human resource professional year progressive experience proven ability deliver result collaborate effectively drive continuous improvement strong communication leadership analytical skill passion innovation
cv_216,luis lewis principal professional year experience healthcare field skill expertise population health management chronic disease management care coordination case management utilization review prior authorization denial management revenue cycle management value based care accountable care organization patient centered medical home professional experience provided patient care patient daily maintaining percent satisfaction implemented clinical protocol reducing hospital acquired infection percent trained new staff education bachelor degree health science pre medicine biology professional summary result driven healthcare professional year progressive experience proven ability deliver result collaborate effectively drive continuous improvement strong communication leadership analytical skill passion innovation
cv_217,isabella walker mid level professional year experience education field skill expertise higher education academic research teaching university college faculty instruction course design online learning lm canvas blackboard moodle academic publishing peer review grant writing research methodology literature review thesis dissertation advising professional experience developed curriculum improving student test score percent implemented technology integration across classroom mentored first year teacher improving effectiveness education doctor education edd phd educational psychology professional summary result driven education professional year progressive experience proven ability deliver result collaborate effectively drive continuous improvement strong communication leadership analytical skill passion innovation
cv_218,brittany hall junior professional year experience sale field skill expertise saas sale subscription sale recurring revenue arr mrr churn reduction expansion revenue land expand outbound prospecting sequence automation outreach apollo zoominfo linkedin sale navigator social selling video prospecting professional experience led sale team representative achieving percent team quota implemented new methodology increasing conversion rate percent education bachelor degree communication psychology professional summary result driven sale professional year progressive experience proven ability deliver result collaborate effectively drive continuous improvement strong communication leadership analytical skill passion innovation
cv_219,omar allen senior professional year experience project management field skill expertise scope management requirement gathering business analysis process improvement lean six sigma quality management vendor management contract management procurement outsourcing offshore team remote team management virtual collaboration communication facilitation professional experience delivered million dollar erp implementation time budget managed cross functional team people across country implemented agile reducing delivery time percent education bachelor degree engineering industrial management professional summary result driven project management professional year progressive experience proven ability deliver result collaborate effectively drive continuous improvement strong communication leadership analytical skill passion innovation
cv_220,marcus young staff professional year experience cybersecurity field skill expertise network security information security penetration testing vulnerability assessment ethical hacking firewall intrusion detection prevention system siem endpoint protection antivirus malware analysis threat intelligence professional experience built threat intelligence program identifying neutralizing advanced persistent threat group conducted red team exercise exposing critical vulnerability production system education bachelor degree computer science information security cybersecurity professional summary result driven cybersecurity professional year progressive experience proven ability deliver result collaborate effectively drive continuous improvement strong communication leadership analytical skill passion innovation
cv_221,rachel hernandez mid level professional year experience data science field skill expertise python machine learning deep learning neural network tensorflow pytorch scikit learn panda numpy data analysis statistical modeling regression classification clustering natural language processing computer vision data visualization matplotlib seaborn sql database big data spark hadoop feature engineering model deployment mlops professional experience developed machine learning model predict customer churn reducing attrition percent built recommendation system increasing user engagement percent created automated data pipeline processing million record daily education phd computational linguistics natural language processing professional summary result driven data science professional year progressive experience proven ability deliver result collaborate effectively drive continuous improvement strong communication leadership analytical skill passion innovation
cv_222,yuki king principal professional year experience software engineering field skill expertise backend development frontend development full stack web development mobile development io android react native flutter database design postgresql mysql mongodb redis elasticsearch message queue kafka rabbitmq cloud service aws azure google cloud serverless function professional experience developed scalable microservices architecture serving million user daily reduced api response time percent led migration monolithic cloud native architecture saving percent infrastructure cost education master degree computer science software system professional summary result driven software engineering professional year progressive experience proven ability deliver result collaborate effectively drive continuous improvement strong communication leadership analytical skill passion innovation
cv_223,ryan wright principal professional year experience marketing field skill expertise market research competitive analysis customer segmentation buyer persona campaign management marketing automation hubspot salesforce crm analytics google analytics content creation copywriting blog writing social medium management community management influencer marketing professional experience built marketing automation system reducing manual work percent conducted market research informing product roadmap established influencer partnership reaching million potential customer education master degree marketing digital marketing business professional summary result driven marketing professional year progressive experience proven ability deliver result collaborate effectively drive continuous improvement strong communication leadership analytical skill passion innovation
cv_224,vanessa lopez principal professional year experience finance field skill expertise quantitative analysis derivative option future fixed income equity research bloomberg terminal reuters trading financial market investment banking private equity venture capital hedge fund mutual fund asset management wealth management financial advisory professional experience led team analyst producing quarterly financial report developed risk management framework adopted company wide identified investment opportunity generating percent annual return education master degree finance mba business administration professional summary result driven finance professional year progressive experience proven ability deliver result collaborate effectively drive continuous improvement strong communication leadership analytical skill passion innovation
cv_225,jeremy hill mid level professional year experience human resource field skill expertise human resource information system hris workday sap oracle applicant tracking system at linkedin recruiter boolean search behavioral interviewing competency based hiring diversity inclusion equity belonging organizational development change management professional experience reduced time hire day hired employee one year maintaining percent retention designed onboarding program increasing new hire productivity percent education bachelor degree human resource management psychology professional summary result driven human resource professional year progressive experience proven ability deliver result collaborate effectively drive continuous improvement strong communication leadership analytical skill passion innovation
cv_226,amanda scott junior professional year experience healthcare field skill expertise physical therapy occupational therapy speech therapy rehabilitation patient education wound care surgical procedure operating room intensive care unit emergency medicine pediatrics geriatrics oncology cardiology neurology orthopedics mental health psychiatry professional experience managed electronic health record implementation across department improving documentation accuracy percent coordinated care reducing readmission rate percent education doctor medicine physician medical school residency professional summary result driven healthcare professional year progressive experience proven ability deliver result collaborate effectively drive continuous improvement strong communication leadership analytical skill passion innovation
cv_227,stephanie green staff professional year experience education field skill expertise higher education academic research teaching university college faculty instruction course design online learning lm canvas blackboard moodle academic publishing peer review grant writing research methodology literature review thesis dissertation advising professional experience developed curriculum improving student test score percent implemented technology integration across classroom mentored first year teacher improving effectiveness education master degree education curriculum instruction educational leadership professional summary result driven education professional year progressive experience proven ability deliver result collaborate effectively drive continuous improvement strong communication leadership analytical skill passion innovation
cv_228,samantha adam lead professional year experience sale field skill expertise sale sale account management business development cold calling prospecting lead qualification sale pipeline crm salesforce hubspot sale presentation negotiation closing technique customer relationship management territory management quota achievement professional experience exceeded sale quota percent consecutive year generating million dollar new revenue built territory zero million annual recurring revenue education bachelor degree liberal art business minor professional summary result driven sale professional year progressive experience proven ability deliver result collaborate effectively drive continuous improvement strong communication leadership analytical skill passion innovation
cv_229,amber baker principal professional year experience project management field skill expertise project planning project scheduling resource allocation budget management risk management stakeholder management project documentation status reporting change management project closure lesson learned pmp certification agile scrum kanban waterfall methodology professional experience managed portfolio concurrent project totaling million dollar establishing pmo improved time delivery percent education master degree project management mba operation management professional summary result driven project management professional year progressive experience proven ability deliver result collaborate effectively drive continuous improvement strong communication leadership analytical skill passion innovation
cv_230,akira nelson junior professional year experience cybersecurity field skill expertise cloud security application security web application security owasp devsecops secure coding code review static analysis dynamic analysis authentication authorization identity access management encryption cryptography professional experience built threat intelligence program identifying neutralizing advanced persistent threat group conducted red team exercise exposing critical vulnerability production system education bachelor degree computer science information security cybersecurity professional summary result driven cybersecurity professional year progressive experience proven ability deliver result collaborate effectively drive continuous improvement strong communication leadership analytical skill passion innovation
cv_231,monica carter lead professional year experience data science field skill expertise data engineering apache spark kafka airflow dbt snowflake databricks data lake data mesh feature store mlflow kubeflow vertex sagemaker data quality monitoring model drift detection explainable responsible causal inference bayesian method professional experience built computer vision system detecting product defect percent accuracy reducing quality control cost percent implemented testing framework running simultaneous experiment education bachelor degree computer science statistic mathematics professional summary result driven data science professional year progressive experience proven ability deliver result collaborate effectively drive continuous improvement strong communication leadership analytical skill passion innovation
cv_232,emily mitchell principal professional year experience software engineering field skill expertise java python javascript typescript react angular vue nodejs express django flask spring boot microservices rest api graphql docker kubernetes devops git agile scrum software architecture design pattern object oriented programming functional programming professional experience developed scalable microservices architecture serving million user daily reduced api response time percent led migration monolithic cloud native architecture saving percent infrastructure cost education bachelor degree electrical engineering computer science professional summary result driven software engineering professional year progressive experience proven ability deliver result collaborate effectively drive continuous improvement strong communication leadership analytical skill passion innovation
cv_233,kevin perez principal professional year experience marketing field skill expertise digital marketing social medium marketing content marketing email marketing search engine optimization seo search engine marketing sem google ad facebook ad instagram marketing brand management marketing strategy customer acquisition lead generation conversion optimization professional experience developed content strategy increasing organic traffic percent managed google ad campaign million dollar annual budget achieving roi created brand guideline adopted across country education bachelor degree journalism communication public relation professional summary result driven marketing professional year progressive experience proven ability deliver result collaborate effectively drive continuous improvement strong communication leadership analytical skill passion innovation
cv_234,layla robert lead professional year experience finance field skill expertise quantitative analysis derivative option future fixed income equity research bloomberg terminal reuters trading financial market investment banking private equity venture capital hedge fund mutual fund asset management wealth management financial advisory professional experience restructured million dollar debt facility saving million annual interest expense implemented treasury management system improving cash visibility across country education chartered financial analyst cfa certified public accountant cpa professional summary result driven finance professional year progressive experience proven ability deliver result collaborate effectively drive continuous improvement strong communication leadership analytical skill passion innovation
cv_235,david turner staff professional year experience human resource field skill expertise total reward job architecture salary benchmarking equity compensation stock option restricted stock unit executive compensation benefit design wellness program employee experience design employer branding talent brand candidate experience glassdoor management professional experience reduced time hire day hired employee one year maintaining percent retention designed onboarding program increasing new hire productivity percent education bachelor degree human resource management psychology professional summary result driven human resource professional year progressive experience proven ability deliver result collaborate effectively drive continuous improvement strong communication leadership analytical skill passion innovation
cv_236,neha phillips mid level professional year experience healthcare field skill expertise medical coding billing icd cpt healthcare administration hospital operation quality improvement patient safety infection control evidence based practice clinical research biostatistics public health epidemiology health policy healthcare informatics telemedicine professional experience implemented telehealth program serving patient monthly pandemic maintaining care continuity developed triage protocol reducing emergency department wait time percent education bachelor degree health science pre medicine biology professional summary result driven healthcare professional year progressive experience proven ability deliver result collaborate effectively drive continuous improvement strong communication leadership analytical skill passion innovation
cv_237,matthew campbell lead professional year experience education field skill expertise higher education academic research teaching university college faculty instruction course design online learning lm canvas blackboard moodle academic publishing peer review grant writing research methodology literature review thesis dissertation advising professional experience launched project based learning initiative increasing student motivation score percent created community partnership program providing real world learning experience education master degree special education learning disability professional summary result driven education professional year progressive experience proven ability deliver result collaborate effectively drive continuous improvement strong communication leadership analytical skill passion innovation
cv_238,carlos parker staff professional year experience sale field skill expertise sale strategy sale forecasting sale analytics competitive intelligence product knowledge technical sale demo presentation proof concept proposal writing contract negotiation sale operation sale enablement sale training coaching team leadership professional experience built enterprise sale motion scratch closing first fortune customer created scalable outbound process generating million qualified pipeline monthly education bachelor degree communication psychology professional summary result driven sale professional year progressive experience proven ability deliver result collaborate effectively drive continuous improvement strong communication leadership analytical skill passion innovation
cv_239,justin evans junior professional year experience project management field skill expertise scope management requirement gathering business analysis process improvement lean six sigma quality management vendor management contract management procurement outsourcing offshore team remote team management virtual collaboration communication facilitation professional experience led digital transformation initiative modernizing legacy system affecting employee managed vendor relationship million dollar technology contract education bachelor degree engineering industrial management professional summary result driven project management professional year progressive experience proven ability deliver result collaborate effectively drive continuous improvement strong communication leadership analytical skill passion innovation
cv_240,valentina edward junior professional year experience cybersecurity field skill expertise network security information security penetration testing vulnerability assessment ethical hacking firewall intrusion detection prevention system siem endpoint protection antivirus malware analysis threat intelligence professional experience led incident response team handling security incident annually preventing estimated million dollar damage implemented zero trust architecture reducing breach percent education bachelor degree information technology security administration professional summary result driven cybersecurity professional year progressive experience proven ability deliver result collaborate effectively drive continuous improvement strong communication leadership analytical skill passion innovation
cv_241,eric collins principal professional year experience data science field skill expertise statistical analysis predictive modeling data mining exploratory data analysis hypothesis testing testing time series forecasting business intelligence tableau power programming data warehousing etl pipeline cloud computing aws gcp azure jupyter notebook git version control professional experience created demand forecasting model reducing inventory cost percent developed customer segmentation analysis identifying high value segment built executive dashboard used suite daily education bachelor degree computer science statistic mathematics professional summary result driven data science professional year progressive experience proven ability deliver result collaborate effectively drive continuous improvement strong communication leadership analytical skill passion innovation
cv_242,james stewart senior professional year experience software engineering field skill expertise software testing unit testing integration testing test driven development code review refactoring performance optimization security best practice authentication authorization oauth jwt api design documentation technical writing system design distributed system professional experience developed scalable microservices architecture serving million user daily reduced api response time percent led migration monolithic cloud native architecture saving percent infrastructure cost education self taught software engineer bootcamp coding professional summary result driven software engineering professional year progressive experience proven ability deliver result collaborate effectively drive continuous improvement strong communication leadership analytical skill passion innovation
cv_243,melissa sanchez senior professional year experience marketing field skill expertise digital marketing social medium marketing content marketing email marketing search engine optimization seo search engine marketing sem google ad facebook ad instagram marketing brand management marketing strategy customer acquisition lead generation conversion optimization professional experience built marketing automation system reducing manual work percent conducted market research informing product roadmap established influencer partnership reaching million potential customer education bachelor degree journalism communication public relation professional summary result driven marketing professional year progressive experience proven ability deliver result collaborate effectively drive continuous improvement strong communication leadership analytical skill passion innovation
cv_244,chen morris mid level professional year experience finance field skill expertise corporate finance valuation discounted cash flow dcf merger acquisition due diligence risk management compliance regulatory reporting gaap ifrs auditing internal control sox compliance tax planning treasury management working capital management professional experience led team analyst producing quarterly financial report developed risk management framework adopted company wide identified investment opportunity generating percent annual return education master degree financial engineering quantitative finance professional summary result driven finance professional year progressive experience proven ability deliver result collaborate effectively drive continuous improvement strong communication leadership analytical skill passion innovation
cv_245,brandon rogers junior professional year experience human resource field skill expertise labor relation employment law compliance payroll administration leave management conflict resolution disciplinary procedure termination offboarding analytics people analytics employee survey culture building team building leadership development coaching mentoring professional experience negotiated new union contract maintaining positive labor relation implemented hris system streamlining process saving hour manual work annually education professional human resource phr senior professional human resource sphr professional summary result driven human resource professional year progressive experience proven ability deliver result collaborate effectively drive continuous improvement strong communication leadership analytical skill passion innovation
cv_246,jasmine reed principal professional year experience healthcare field skill expertise medical coding billing icd cpt healthcare administration hospital operation quality improvement patient safety infection control evidence based practice clinical research biostatistics public health epidemiology health policy healthcare informatics telemedicine professional experience implemented telehealth program serving patient monthly pandemic maintaining care continuity developed triage protocol reducing emergency department wait time percent education bachelor degree nursing registered nurse professional summary result driven healthcare professional year progressive experience proven ability deliver result collaborate effectively drive continuous improvement strong communication leadership analytical skill passion innovation
cv_247,arjun cook staff professional year experience education field skill expertise curriculum development lesson planning classroom management student assessment differentiated instruction special education english language learner student engagement active learning cooperative learning project based learning technology integration professional experience designed online learning platform used student conducted action research published educational journal created inclusive classroom achieving percent student engagement education doctor education edd phd educational psychology professional summary result driven education professional year progressive experience proven ability deliver result collaborate effectively drive continuous improvement strong communication leadership analytical skill passion innovation
cv_248,timothy morgan mid level professional year experience sale field skill expertise sale strategy sale forecasting sale analytics competitive intelligence product knowledge technical sale demo presentation proof concept proposal writing contract negotiation sale operation sale enablement sale training coaching team leadership professional experience closed largest deal company history valued million dollar expanded existing account growing annual contract million education bachelor degree business administration sale marketing professional summary result driven sale professional year progressive experience proven ability deliver result collaborate effectively drive continuous improvement strong communication leadership analytical skill passion innovation
cv_249,joshua bell staff professional year experience project management field skill expertise okr goal setting strategic planning roadmap development product roadmap technology roadmap digital transformation innovation management design thinking human centered design service design process redesign automation robotic process automation rpa professional experience delivered million dollar erp implementation time budget managed cross functional team people across country implemented agile reducing delivery time percent education master degree project management mba operation management professional summary result driven project management professional year progressive experience proven ability deliver result collaborate effectively drive continuous improvement strong communication leadership analytical skill passion innovation
cv_250,miguel murphy lead professional year experience cybersecurity field skill expertise network security information security penetration testing vulnerability assessment ethical hacking firewall intrusion detection prevention system siem endpoint protection antivirus malware analysis threat intelligence professional experience led security architecture cloud migration ensuring zero security incident designed identity access management system employee reducing insider threat risk percent education master degree information security cybersecurity network security professional summary result driven cybersecurity professional year progressive experience proven ability deliver result collaborate effectively drive continuous improvement strong communication leadership analytical skill passion innovation
job_001,lead data science position leading company seeking experienced data scientist join team requirement include python machine learning deep learning tensorflow pytorch scikit learn panda numpy statistical modeling regression classification clustering natural language processing data visualization sql big data spark feature engineering model deployment mlops cloud computing responsibility include developing machine learning model analyzing large datasets building data pipeline presenting finding stakeholder minimum year experience required master degree preferred
job_002,lead data science position leading company seeking experienced data scientist join team requirement include python machine learning deep learning tensorflow pytorch scikit learn panda numpy statistical modeling regression classification clustering natural language processing data visualization sql big data spark feature engineering model deployment mlops cloud computing responsibility include developing machine learning model analyzing large datasets building data pipeline presenting finding stakeholder minimum year experience required master degree preferred
job_003,senior data science position leading company seeking experienced data scientist join team requirement include python machine learning deep learning tensorflow pytorch scikit learn panda numpy statistical modeling regression classification clustering natural language processing data visualization sql big data spark feature engineering model deployment mlops cloud computing responsibility include developing machine learning model analyzing large datasets building data pipeline presenting finding stakeholder minimum year experience required master degree preferred
job_004,mid level software engineering position leading company full stack software engineer needed requirement include javascript typescript react nodejs python django rest api docker kubernetes microservices postgresql mongodb redis git devops cloud service responsibility include developing web application building scalable backend system conducting code review collaborating product team minimum year experience bachelor degree computer science required
job_005,senior software engineering position leading company full stack software engineer needed requirement include javascript typescript react nodejs python django rest api docker kubernetes microservices postgresql mongodb redis git devops cloud service responsibility include developing web application building scalable backend system conducting code review collaborating product team minimum year experience bachelor degree computer science required
job_006,senior software engineering position leading company full stack software engineer needed requirement include javascript typescript react nodejs python django rest api docker kubernetes microservices postgresql mongodb redis git devops cloud service responsibility include developing web application building scalable backend system conducting code review collaborating product team minimum year experience bachelor degree computer science required
job_007,senior marketing position leading company digital marketing manager position available requirement include digital marketing social medium seo sem google ad facebook ad content marketing email marketing automation hubspot salesforce crm analytics brand management responsibility include managing digital campaign developing content strategy growing social medium presence analyzing performance minimum year experience required
job_008,junior marketing position leading company digital marketing manager position available requirement include digital marketing social medium seo sem google ad facebook ad content marketing email marketing automation hubspot salesforce crm analytics brand management responsibility include managing digital campaign developing content strategy growing social medium presence analyzing performance minimum year experience required
job_009,junior marketing position leading company digital marketing manager position available requirement include digital marketing social medium seo sem google ad facebook ad content marketing email marketing automation hubspot salesforce crm analytics brand management responsibility include managing digital campaign developing content strategy growing social medium presence analyzing performance minimum year experience required
job_010,mid level finance position leading company financial analyst role growing firm requirement include financial modeling excel accounting financial reporting analysis budgeting forecasting bloomberg financial market investment analysis portfolio management valuation responsibility include preparing financial model analyzing opportunity presenting management monitoring performance minimum year experience required
job_011,mid level finance position leading company financial analyst role growing firm requirement include financial modeling excel accounting financial reporting analysis budgeting forecasting bloomberg financial market investment analysis portfolio management valuation responsibility include preparing financial model analyzing opportunity presenting management monitoring performance minimum year experience required
job_012,junior finance position leading company financial analyst role growing firm requirement include financial modeling excel accounting financial reporting analysis budgeting forecasting bloomberg financial market investment analysis portfolio management valuation responsibility include preparing financial model analyzing opportunity presenting management monitoring performance minimum year experience required
job_013,junior human resource position leading company business partner needed requirement include talent acquisition recruitment performance management compensation benefit hris workday employee relation policy compliance training development workforce planning responsibility include partnering business leader managing recruitment handling employee relation ensuring compliance minimum year experience required
job_014,senior human resource position leading company business partner needed requirement include talent acquisition recruitment performance management compensation benefit hris workday employee relation policy compliance training development workforce planning responsibility include partnering business leader managing recruitment handling employee relation ensuring compliance minimum year experience required
job_015,lead human resource position leading company business partner needed requirement include talent acquisition recruitment performance management compensation benefit hris workday employee relation policy compliance training development workforce planning responsibility include partnering business leader managing recruitment handling employee relation ensuring compliance minimum year experience required
job_016,lead healthcare position leading company clinical professional position open requirement include patient care clinical documentation electronic health record ehr medical terminology pharmacology nursing diagnosis treatment planning medication administration patient assessment hipaa compliance responsibility include providing patient care maintaining documentation coordinating medical team license certification required
job_017,lead healthcare position leading company clinical professional position open requirement include patient care clinical documentation electronic health record ehr medical terminology pharmacology nursing diagnosis treatment planning medication administration patient assessment hipaa compliance responsibility include providing patient care maintaining documentation coordinating medical team license certification required
job_018,lead healthcare position leading company clinical professional position open requirement include patient care clinical documentation electronic health record ehr medical terminology pharmacology nursing diagnosis treatment planning medication administration patient assessment hipaa compliance responsibility include providing patient care maintaining documentation coordinating medical team license certification required
job_019,lead education position leading company educator position available requirement include curriculum development lesson planning classroom management student assessment differentiated instruction technology integration educational psychology learning theory behavior management responsibility include developing curriculum delivering instruction assessing student progress teaching certification required
job_020,senior education position leading company educator position available requirement include curriculum development lesson planning classroom management student assessment differentiated instruction technology integration educational psychology learning theory behavior management responsibility include developing curriculum delivering instruction assessing student progress teaching certification required
job_021,mid level education position leading company educator position available requirement include curriculum development lesson planning classroom management student assessment differentiated instruction technology integration educational psychology learning theory behavior management responsibility include developing curriculum delivering instruction assessing student progress teaching certification required
job_022,junior sale position leading company account executive position requirement include sale account management business development prospecting lead qualification sale pipeline crm salesforce presentation negotiation closing customer relationship management responsibility include managing account developing new business presenting solution minimum year sale experience quota achievement required
job_023,senior sale position leading company account executive position requirement include sale account management business development prospecting lead qualification sale pipeline crm salesforce presentation negotiation closing customer relationship management responsibility include managing account developing new business presenting solution minimum year sale experience quota achievement required
job_024,lead sale position leading company account executive position requirement include sale account management business development prospecting lead qualification sale pipeline crm salesforce presentation negotiation closing customer relationship management responsibility include managing account developing new business presenting solution minimum year sale experience quota achievement required
job_025,junior project management position leading company project manager needed requirement include project planning scheduling resource allocation budget management risk management stakeholder management agile scrum kanban pmp certification microsoft project jira responsibility include leading project managing team ensuring delivery within scope budget schedule pmp preferred minimum year experience
job_026,senior project management position leading company project manager needed requirement include project planning scheduling resource allocation budget management risk management stakeholder management agile scrum kanban pmp certification microsoft project jira responsibility include leading project managing team ensuring delivery within scope budget schedule pmp preferred minimum year experience
job_027,lead project management position leading company project manager needed requirement include project planning scheduling resource allocation budget management risk management stakeholder management agile scrum kanban pmp certification microsoft project jira responsibility include leading project managing team ensuring delivery within scope budget schedule pmp preferred minimum year experience
job_028,senior cybersecurity position leading company cybersecurity engineer position requirement include network security penetration testing vulnerability assessment ethical hacking firewall intrusion detection siem endpoint protection malware analysis threat intelligence cloud security application security responsibility include monitoring security system responding incident conducting assessment cissp ceh preferred
job_029,junior cybersecurity position leading company cybersecurity engineer position requirement include network security penetration testing vulnerability assessment ethical hacking firewall intrusion detection siem endpoint protection malware analysis threat intelligence cloud security application security responsibility include monitoring security system responding incident conducting assessment cissp ceh preferred
job_030,mid level cybersecurity position leading company cybersecurity engineer position requirement include network security penetration testing vulnerability assessment ethical hacking firewall intrusion detection siem endpoint protection malware analysis threat intelligence cloud security application security responsibility include monitoring security system responding incident conducting assessment cissp ceh preferred
