document_id,content
cv_001,isabella wilson princip profession year experi data scienc field skill expertis supervis learn unsupervis learn reinforc learn convolut neural network recurr neural network transform bert gpt word embed topic model sentiment analysi name entiti recognit text classif imag recognit object detect profession experi creat demand forecast model reduc inventori cost percent develop custom segment analysi identifi high valu segment built execut dashboard use suit daili educ phd comput linguist natur languag process profession summari result driven data scienc profession year progress experi proven abil deliv result collabor effect drive continu improv strong commun leadership analyt skill passion innov
cv_002,brittani johnson senior profession year experi softwar engin field skill expertis java python javascript typescript react angular vue nodej express django flask spring boot microservic rest api graphql docker kubernet devop git agil scrum softwar architectur design pattern object orient program function program profession experi develop scalabl microservic architectur serv million user daili reduc api respons time percent led migrat monolith cloud nativ architectur save percent infrastructur cost educ master degre comput scienc softwar system profession summari result driven softwar engin profession year progress experi proven abil deliv result collabor effect drive continu improv strong commun leadership analyt skill passion innov
cv_003,omar brown senior profession year experi market field skill expertis market research competit analysi custom segment buyer persona campaign manag market autom hubspot salesforc crm analyt googl analyt content creation copywrit blog write social media manag commun manag influenc market profession experi manag social media account grow follow increas email open rate percent led product launch campaign gener million dollar first month revenu educ master degre busi administr mba market profession summari result driven market profession year progress experi proven abil deliv result collabor effect drive continu improv strong commun leadership analyt skill passion innov
cv_004,marcu davi senior profession year experi financ field skill expertis quantit analysi deriv option futur fix incom equiti research bloomberg termin reuter trade financi market invest bank privat equiti ventur capit hedg fund mutual fund asset manag wealth manag financi advisori profession experi led team analyst produc quarterli financi report develop risk manag framework adopt compani wide identifi invest opportun gener percent annual return educ charter financi analyst cfa certifi public account cpa profession summari result driven financ profession year progress experi proven abil deliv result collabor effect drive continu improv strong commun leadership analyt skill passion innov
cv_005,rachel martinez princip profession year experi human resourc field skill expertis labor relat employ law complianc payrol administr leav manag conflict resolut disciplinari procedur termin offboard analyt peopl analyt employe survey cultur build team build leadership develop coach mentor profession experi reduc time hire day hire employe one year maintain percent retent design onboard program increas new hire product percent educ master degre human resourc organiz behavior profession summari result driven human resourc profession year progress experi proven abil deliv result collabor effect drive continu improv strong commun leadership analyt skill passion innov
cv_006,yuki taylor senior profession year experi healthcar field skill expertis medic code bill icd cpt healthcar administr hospit oper qualiti improv patient safeti infect control evid base practic clinic research biostatist public health epidemiolog health polici healthcar informat telemedicin profession experi implement telehealth program serv patient monthli pandem maintain care continu develop triag protocol reduc emerg depart wait time percent educ bachelor degre health scienc pre medicin biolog profession summari result driven healthcar profession year progress experi proven abil deliv result collabor effect drive continu improv strong commun leadership analyt skill passion innov
cv_007,ryan anderson mid level profession year experi educ field skill expertis educ psycholog child develop learn theori behavior manag parent commun school counsel academ advis colleg prepar standard test tutor mentor student support servic inclus educ univers design learn profession experi establish tutor program improv risk student graduat rate percent coordin profession develop teacher educ bachelor degre educ teach elementari secondari profession summari result driven educ profession year progress experi proven abil deliv result collabor effect drive continu improv strong commun leadership analyt skill passion innov
cv_008,vanessa thoma junior profession year experi sale field skill expertis sale strategi sale forecast sale analyt competit intellig product knowledg technic sale demo present proof concept propos write contract negoti sale oper sale enabl sale train coach team leadership profession experi built enterpris sale motion scratch close first fortun custom creat scalabl outbound process gener million qualifi pipelin monthli educ bachelor degre commun psycholog profession summari result driven sale profession year progress experi proven abil deliv result collabor effect drive continu improv strong commun leadership analyt skill passion innov
cv_009,jeremi jackson lead profession year experi project manag field skill expertis scope manag requir gather busi analysi process improv lean six sigma qualiti manag vendor manag contract manag procur outsourc offshor team remot team manag virtual collabor commun facilit profession experi led digit transform initi modern legaci system affect employe manag vendor relationship million dollar technolog contract educ bachelor degre engin industri manag profession summari result driven project manag profession year progress experi proven abil deliv result collabor effect drive continu improv strong commun leadership analyt skill passion innov
cv_010,amanda white mid level profession year experi cybersecur field skill expertis secur oper center incid respons digit forens log analysi secur monitor network traffic analysi wireshark nmap metasploit kali linux secur audit complianc pci dss iso nist framework zero trust profession experi develop secur train reduc phish success rate percent implement cloud secur control achiev iso certif educ master degre inform secur cybersecur network secur profession summari result driven cybersecur profession year progress experi proven abil deliv result collabor effect drive continu improv strong commun leadership analyt skill passion innov
cv_011,stephani harri princip profession year experi data scienc field skill expertis supervis learn unsupervis learn reinforc learn convolut neural network recurr neural network transform bert gpt word embed topic model sentiment analysi name entiti recognit text classif imag recognit object detect profession experi creat demand forecast model reduc inventori cost percent develop custom segment analysi identifi high valu segment built execut dashboard use suit daili educ master degre appli mathemat statist univers profession summari result driven data scienc profession year progress experi proven abil deliv result collabor effect drive continu improv strong commun leadership analyt skill passion innov
cv_012,samantha martin princip profession year experi softwar engin field skill expertis softwar test unit test integr test test driven develop code review refactor perform optim secur best practic authent author oauth jwt api design document technic write system design distribut system profession experi built full stack web applic use custom implement pipelin reduc deploy time day hour mentor junior develop maintain high code qualiti educ master degre comput scienc softwar system profession summari result driven softwar engin profession year progress experi proven abil deliv result collabor effect drive continu improv strong commun leadership analyt skill passion innov
cv_013,amber thompson mid level profession year experi market field skill expertis digit market social media market content market email market search engin optim seo search engin market sem googl ad facebook ad instagram market brand manag market strategi custom acquisit lead gener convers optim profession experi manag social media account grow follow increas email open rate percent led product launch campaign gener million dollar first month revenu educ bachelor degre market commun busi administr profession summari result driven market profession year progress experi proven abil deliv result collabor effect drive continu improv strong commun leadership analyt skill passion innov
cv_014,akira garcia lead profession year experi financ field skill expertis crypto defi blockchain fintech payment process bank regul basel iii stress test liquid risk credit risk market risk oper risk model risk manag esg invest sustain financ impact invest factor invest smart beta profession experi built financi model ipo roadshow rais million dollar develop price model new product line improv gross margin percentag point educ bachelor degre financ account econom profession summari result driven financ profession year progress experi proven abil deliv result collabor effect drive continu improv strong commun leadership analyt skill passion innov
cv_015,monica robinson princip profession year experi human resourc field skill expertis total reward job architectur salari benchmark equiti compens stock option restrict stock unit execut compens benefit design well program employe experi design employ brand talent brand candid experi glassdoor manag profession experi negoti new union contract maintain posit labor relat implement hri system streamlin process save hour manual work annual educ profession human resourc phr senior profession human resourc sphr profession summari result driven human resourc profession year progress experi proven abil deliv result collabor effect drive continu improv strong commun leadership analyt skill passion innov
cv_016,emili lewi staff profession year experi healthcar field skill expertis patient care clinic document electron health record ehr epic cerner medic terminolog anatomi physiolog pharmacolog nurs diagnosi treatment plan medic administr vital sign monitor patient assess healthcar complianc hipaa profession experi led qualiti improv initi achiev joint commiss accredit without defici develop staf model optim nurs patient ratio reduc burnout educ doctor medicin physician medic school resid profession summari result driven healthcar profession year progress experi proven abil deliv result collabor effect drive continu improv strong commun leadership analyt skill passion innov
cv_017,kevin walker mid level profession year experi educ field skill expertis curriculum develop lesson plan classroom manag student assess differenti instruct special educ english languag learner student engag activ learn cooper learn project base learn technolog integr profession experi establish tutor program improv risk student graduat rate percent coordin profession develop teacher educ master degre special educ learn disabl profession summari result driven educ profession year progress experi proven abil deliv result collabor effect drive continu improv strong commun leadership analyt skill passion innov
cv_018,layla hall princip profession year experi sale field skill expertis sale sale account manag busi develop cold call prospect lead qualif sale pipelin crm salesforc hubspot sale present negoti close techniqu custom relationship manag territori manag quota achiev profession experi close largest deal compani histori valu million dollar expand exist account grow annual contract million educ master degre busi administr mba sale manag profession summari result driven sale profession year progress experi proven abil deliv result collabor effect drive continu improv strong commun leadership analyt skill passion innov
cv_019,david allen mid level profession year experi project manag field skill expertis scope manag requir gather busi analysi process improv lean six sigma qualiti manag vendor manag contract manag procur outsourc offshor team remot team manag virtual collabor commun facilit profession experi led organiz chang manag major restructur affect employe achiev percent adopt within month new system educ master degre project manag mba oper manag profession summari result driven project manag profession year progress experi proven abil deliv result collabor effect drive continu improv strong commun leadership analyt skill passion innov
cv_020,neha young princip profession year experi cybersecur field skill expertis secur oper center incid respons digit forens log analysi secur monitor network traffic analysi wireshark nmap metasploit kali linux secur audit complianc pci dss iso nist framework zero trust profession experi led secur architectur cloud migrat ensur zero secur incid design ident access manag system employe reduc insid threat risk percent educ bachelor degre comput scienc inform secur cybersecur profession summari result driven cybersecur profession year progress experi proven abil deliv result collabor effect drive continu improv strong commun leadership analyt skill passion innov
cv_021,matthew hernandez senior profession year experi data scienc field skill expertis data engin apach spark kafka airflow dbt snowflak databrick data lake data mesh featur store mlflow kubeflow vertex sagemak data qualiti monitor model drift detect explain respons causal infer bayesian method profession experi develop machin learn model predict custom churn reduc attrit percent built recommend system increas user engag percent creat autom data pipelin process million record daili educ bachelor degre comput scienc statist mathemat profession summari result driven data scienc profession year progress experi proven abil deliv result collabor effect drive continu improv strong commun leadership analyt skill passion innov
cv_022,carlo king princip profession year experi softwar engin field skill expertis backend develop frontend develop full stack web develop mobil develop io android react nativ flutter databas design postgresql mysql mongodb redi elasticsearch messag queue kafka rabbitmq cloud servic aw azur googl cloud serverless function profession experi develop scalabl microservic architectur serv million user daili reduc api respons time percent led migrat monolith cloud nativ architectur save percent infrastructur cost educ master degre comput scienc softwar system profession summari result driven softwar engin profession year progress experi proven abil deliv result collabor effect drive continu improv strong commun leadership analyt skill passion innov
cv_023,justin wright princip profession year experi market field skill expertis digit market social media market content market email market search engin optim seo search engin market sem googl ad facebook ad instagram market brand manag market strategi custom acquisit lead gener convers optim profession experi launch referr program acquir new custom percent tradit cac implement person engin increas convers rate percent educ bachelor degre market commun busi administr profession summari result driven market profession year progress experi proven abil deliv result collabor effect drive continu improv strong commun leadership analyt skill passion innov
cv_024,valentina lopez senior profession year experi financ field skill expertis corpor financ valuat discount cash flow dcf merger acquisit due dilig risk manag complianc regulatori report gaap ifr audit intern control sox complianc tax plan treasuri manag work capit manag profession experi restructur million dollar debt facil save million annual interest expens implement treasuri manag system improv cash visibl across countri educ master degre financ mba busi administr profession summari result driven financ profession year progress experi proven abil deliv result collabor effect drive continu improv strong commun leadership analyt skill passion innov
cv_025,eric hill staff profession year experi human resourc field skill expertis total reward job architectur salari benchmark equiti compens stock option restrict stock unit execut compens benefit design well program employe experi design employ brand talent brand candid experi glassdoor manag profession experi implement perform manag system employe manag compens review save compani million annual develop train program reduc turnov percent educ master degre human resourc organiz behavior profession summari result driven human resourc profession year progress experi proven abil deliv result collabor effect drive continu improv strong commun leadership analyt skill passion innov
cv_026,jame scott princip profession year experi healthcar field skill expertis popul health manag chronic diseas manag care coordin case manag util review prior author denial manag revenu cycl manag valu base care account care organ patient center medic home profession experi conduct clinic research result peer review public develop patient educ materi improv medic adher percent educ bachelor degre health scienc pre medicin biolog profession summari result driven healthcar profession year progress experi proven abil deliv result collabor effect drive continu improv strong commun leadership analyt skill passion innov
cv_027,melissa green junior profession year experi educ field skill expertis curriculum develop lesson plan classroom manag student assess differenti instruct special educ english languag learner student engag activ learn cooper learn project base learn technolog integr profession experi design onlin learn platform use student conduct action research publish educ journal creat inclus classroom achiev percent student engag educ master degre educ curriculum instruct educ leadership profession summari result driven educ profession year progress experi proven abil deliv result collabor effect drive continu improv strong commun leadership analyt skill passion innov
cv_028,chen adam princip profession year experi sale field skill expertis sale sale account manag busi develop cold call prospect lead qualif sale pipelin crm salesforc hubspot sale present negoti close techniqu custom relationship manag territori manag quota achiev profession experi implement custom success program reduc churn percent increas net revenu retent percent expand region territori gener million new revenu educ master degre busi administr mba sale manag profession summari result driven sale profession year progress experi proven abil deliv result collabor effect drive continu improv strong commun leadership analyt skill passion innov
cv_029,brandon baker mid level profession year experi project manag field skill expertis project plan project schedul resourc alloc budget manag risk manag stakehold manag project document statu report chang manag project closur lesson learn pmp certif agil scrum kanban waterfal methodolog profession experi deliv million dollar erp implement time budget manag cross function team peopl across countri implement agil reduc deliveri time percent educ bachelor degre busi administr project manag profession summari result driven project manag profession year progress experi proven abil deliv result collabor effect drive continu improv strong commun leadership analyt skill passion innov
cv_030,jasmin nelson princip profession year experi cybersecur field skill expertis network secur inform secur penetr test vulner assess ethic hack firewal intrus detect prevent system siem endpoint protect antiviru malwar analysi threat intellig profession experi develop secur train reduc phish success rate percent implement cloud secur control achiev iso certif educ bachelor degre comput scienc inform secur cybersecur profession summari result driven cybersecur profession year progress experi proven abil deliv result collabor effect drive continu improv strong commun leadership analyt skill passion innov
cv_031,arjun carter princip profession year experi data scienc field skill expertis supervis learn unsupervis learn reinforc learn convolut neural network recurr neural network transform bert gpt word embed topic model sentiment analysi name entiti recognit text classif imag recognit object detect profession experi built comput vision system detect product defect percent accuraci reduc qualiti control cost percent implement test framework run simultan experi educ master degre data scienc machin learn artifici intellig profession summari result driven data scienc profession year progress experi proven abil deliv result collabor effect drive continu improv strong commun leadership analyt skill passion innov
cv_032,timothi mitchel lead profession year experi softwar engin field skill expertis golang rust scala elixir phoenix event driven architectur cqr event sourc domain driven design hexagon architectur clean code solid principl twelv factor app observ log monitor trace prometheu grafana datadog profession experi built full stack web applic use custom implement pipelin reduc deploy time day hour mentor junior develop maintain high code qualiti educ self taught softwar engin bootcamp code profession summari result driven softwar engin profession year progress experi proven abil deliv result collabor effect drive continu improv strong commun leadership analyt skill passion innov
cv_033,joshua perez senior profession year experi market field skill expertis digit market social media market content market email market search engin optim seo search engin market sem googl ad facebook ad instagram market brand manag market strategi custom acquisit lead gener convers optim profession experi manag social media account grow follow increas email open rate percent led product launch campaign gener million dollar first month revenu educ master degre busi administr mba market profession summari result driven market profession year progress experi proven abil deliv result collabor effect drive continu improv strong commun leadership analyt skill passion innov
cv_034,miguel robert staff profession year experi financ field skill expertis crypto defi blockchain fintech payment process bank regul basel iii stress test liquid risk credit risk market risk oper risk model risk manag esg invest sustain financ impact invest factor invest smart beta profession experi restructur million dollar debt facil save million annual interest expens implement treasuri manag system improv cash visibl across countri educ bachelor degre financ account econom profession summari result driven financ profession year progress experi proven abil deliv result collabor effect drive continu improv strong commun leadership analyt skill passion innov
cv_035,derrick turner junior profession year experi human resourc field skill expertis talent acquisit recruit sourc interview candid assess onboard employe relat perform manag compens benefit administr polici procedur employe engag retent train develop success plan workforc plan profession experi built peopl analyt function provid data driven insight busi leader implement predict attrit model allow proactiv retent intervent educ profession human resourc phr senior profession human resourc sphr profession summari result driven human resourc profession year progress experi proven abil deliv result collabor effect drive continu improv strong commun leadership analyt skill passion innov
cv_036,raj phillip mid level profession year experi healthcar field skill expertis medic code bill icd cpt healthcar administr hospit oper qualiti improv patient safeti infect control evid base practic clinic research biostatist public health epidemiolog health polici healthcar informat telemedicin profession experi manag electron health record implement across depart improv document accuraci percent coordin care reduc readmiss rate percent educ bachelor degre health scienc pre medicin biolog profession summari result driven healthcar profession year progress experi proven abil deliv result collabor effect drive continu improv strong commun leadership analyt skill passion innov
cv_037,megan campbel mid level profession year experi educ field skill expertis educ psycholog child develop learn theori behavior manag parent commun school counsel academ advis colleg prepar standard test tutor mentor student support servic inclus educ univers design learn profession experi establish tutor program improv risk student graduat rate percent coordin profession develop teacher educ master degre special educ learn disabl profession summari result driven educ profession year progress experi proven abil deliv result collabor effect drive continu improv strong commun leadership analyt skill passion innov
cv_038,ahm parker junior profession year experi sale field skill expertis saa sale subscript sale recur revenu arr mrr churn reduct expans revenu land expand outbound prospect sequenc autom outreach apollo zoominfo linkedin sale navig social sell video prospect profession experi implement custom success program reduc churn percent increas net revenu retent percent expand region territori gener million new revenu educ bachelor degre busi administr sale market profession summari result driven sale profession year progress experi proven abil deliv result collabor effect drive continu improv strong commun leadership analyt skill passion innov
cv_039,priya evan mid level profession year experi project manag field skill expertis project plan project schedul resourc alloc budget manag risk manag stakehold manag project document statu report chang manag project closur lesson learn pmp certif agil scrum kanban waterfal methodolog profession experi deliv million dollar erp implement time budget manag cross function team peopl across countri implement agil reduc deliveri time percent educ master degre project manag mba oper manag profession summari result driven project manag profession year progress experi proven abil deliv result collabor effect drive continu improv strong commun leadership analyt skill passion innov
cv_040,michael edward lead profession year experi cybersecur field skill expertis threat hunt red team blue team purpl team adversari simul mitr att framework threat model secur architectur secur engin bug bounti respons disclosur cve vulner research exploit develop profession experi built threat intellig program identifi neutral advanc persist threat group conduct red team exercis expos critic vulner product system educ master degre inform secur cybersecur network secur profession summari result driven cybersecur profession year progress experi proven abil deliv result collabor effect drive continu improv strong commun leadership analyt skill passion innov
cv_041,nicol collin lead profession year experi data scienc field skill expertis statist analysi predict model data mine exploratori data analysi hypothesi test test time seri forecast busi intellig tableau power program data wareh etl pipelin cloud comput aw gcp azur jupyt notebook git version control profession experi built comput vision system detect product defect percent accuraci reduc qualiti control cost percent implement test framework run simultan experi educ bachelor degre comput scienc statist mathemat profession summari result driven data scienc profession year progress experi proven abil deliv result collabor effect drive continu improv strong commun leadership analyt skill passion innov
cv_042,sofia stewart staff profession year experi softwar engin field skill expertis golang rust scala elixir phoenix event driven architectur cqr event sourc domain driven design hexagon architectur clean code solid principl twelv factor app observ log monitor trace prometheu grafana datadog profession experi design distribut system process billion event per day contribut open sourc project optim databas queri reduc load time percent educ self taught softwar engin bootcamp code profession summari result driven softwar engin profession year progress experi proven abil deliv result collabor effect drive continu improv strong commun leadership analyt skill passion innov
cv_043,jessica sanchez senior profession year experi market field skill expertis growth hack viral market referr program affili market programmat advertis retarget lookalik audienc custom lifetim valu cohort analysi funnel optim land page optim test multivari test attribut model profession experi develop content strategi increas organ traffic percent manag googl ad campaign million dollar annual budget achiev roi creat brand guidelin adopt across countri educ master degre market digit market busi profession summari result driven market profession year progress experi proven abil deliv result collabor effect drive continu improv strong commun leadership analyt skill passion innov
cv_044,troy morri staff profession year experi financ field skill expertis financi analysi financi model budget forecast account financi report varianc analysi cost analysi profit loss balanc sheet cash flow statement excel advanc formula pivot tabl vlookup financi plan invest analysi portfolio manag profession experi built financi model ipo roadshow rais million dollar develop price model new product line improv gross margin percentag point educ bachelor degre financ account econom profession summari result driven financ profession year progress experi proven abil deliv result collabor effect drive continu improv strong commun leadership analyt skill passion innov
cv_045,fatima roger princip profession year experi human resourc field skill expertis talent acquisit recruit sourc interview candid assess onboard employe relat perform manag compens benefit administr polici procedur employe engag retent train develop success plan workforc plan profession experi reduc time hire day hire employe one year maintain percent retent design onboard program increas new hire product percent educ master degre busi administr organiz develop profession summari result driven human resourc profession year progress experi proven abil deliv result collabor effect drive continu improv strong commun leadership analyt skill passion innov
cv_046,daniel reed mid level profession year experi healthcar field skill expertis medic code bill icd cpt healthcar administr hospit oper qualiti improv patient safeti infect control evid base practic clinic research biostatist public health epidemiolog health polici healthcar informat telemedicin profession experi provid patient care patient daili maintain percent satisfact implement clinic protocol reduc hospit acquir infect percent train new staff educ bachelor degre nurs regist nurs profession summari result driven healthcar profession year progress experi proven abil deliv result collabor effect drive continu improv strong commun leadership analyt skill passion innov
cv_047,christoph cook junior profession year experi educ field skill expertis curriculum develop lesson plan classroom manag student assess differenti instruct special educ english languag learner student engag activ learn cooper learn project base learn technolog integr profession experi design onlin learn platform use student conduct action research publish educ journal creat inclus classroom achiev percent student engag educ master degre special educ learn disabl profession summari result driven educ profession year progress experi proven abil deliv result collabor effect drive continu improv strong commun leadership analyt skill passion innov
cv_048,andrew morgan lead profession year experi sale field skill expertis sale sale account manag busi develop cold call prospect lead qualif sale pipelin crm salesforc hubspot sale present negoti close techniqu custom relationship manag territori manag quota achiev profession experi implement custom success program reduc churn percent increas net revenu retent percent expand region territori gener million new revenu educ bachelor degre busi administr sale market profession summari result driven sale profession year progress experi proven abil deliv result collabor effect drive continu improv strong commun leadership analyt skill passion innov
cv_049,lauren bell staff profession year experi project manag field skill expertis scope manag requir gather busi analysi process improv lean six sigma qualiti manag vendor manag contract manag procur outsourc offshor team remot team manag virtual collabor commun facilit profession experi deliv complex infrastructur project month ahead schedul save million creat risk framework prevent major project failur educ master degre project manag mba oper manag profession summari result driven project manag profession year progress experi proven abil deliv result collabor effect drive continu improv strong commun leadership analyt skill passion innov
cv_050,kayla murphi mid level profession year experi cybersecur field skill expertis secur oper center incid respons digit forens log analysi secur monitor network traffic analysi wireshark nmap metasploit kali linux secur audit complianc pci dss iso nist framework zero trust profession experi develop secur train reduc phish success rate percent implement cloud secur control achiev iso certif educ bachelor degre inform technolog secur administr profession summari result driven cybersecur profession year progress experi proven abil deliv result collabor effect drive continu improv strong commun leadership analyt skill passion innov
cv_051,wei wilson junior profession year experi data scienc field skill expertis data engin apach spark kafka airflow dbt snowflak databrick data lake data mesh featur store mlflow kubeflow vertex sagemak data qualiti monitor model drift detect explain respons causal infer bayesian method profession experi design deploy natur languag process system autom custom support handl queri daili built real time fraud detect model save compani million dollar annual educ bachelor degre comput scienc statist mathemat profession summari result driven data scienc profession year progress experi proven abil deliv result collabor effect drive continu improv strong commun leadership analyt skill passion innov
cv_052,sarah johnson princip profession year experi softwar engin field skill expertis java python javascript typescript react angular vue nodej express django flask spring boot microservic rest api graphql docker kubernet devop git agil scrum softwar architectur design pattern object orient program function program profession experi develop scalabl microservic architectur serv million user daili reduc api respons time percent led migrat monolith cloud nativ architectur save percent infrastructur cost educ master degre comput scienc softwar system profession summari result driven softwar engin profession year progress experi proven abil deliv result collabor effect drive continu improv strong commun leadership analyt skill passion innov
cv_053,ashley brown mid level profession year experi market field skill expertis market research competit analysi custom segment buyer persona campaign manag market autom hubspot salesforc crm analyt googl analyt content creation copywrit blog write social media manag commun manag influenc market profession experi built market autom system reduc manual work percent conduct market research inform product roadmap establish influenc partnership reach million potenti custom educ bachelor degre market commun busi administr profession summari result driven market profession year progress experi proven abil deliv result collabor effect drive continu improv strong commun leadership analyt skill passion innov
cv_054,lui davi princip profession year experi financ field skill expertis quantit analysi deriv option futur fix incom equiti research bloomberg termin reuter trade financi market invest bank privat equiti ventur capit hedg fund mutual fund asset manag wealth manag financi advisori profession experi led team analyst produc quarterli financi report develop risk manag framework adopt compani wide identifi invest opportun gener percent annual return educ master degre financi engin quantit financ profession summari result driven financ profession year progress experi proven abil deliv result collabor effect drive continu improv strong commun leadership analyt skill passion innov
cv_055,isabella martinez staff profession year experi human resourc field skill expertis talent acquisit recruit sourc interview candid assess onboard employe relat perform manag compens benefit administr polici procedur employe engag retent train develop success plan workforc plan profession experi negoti new union contract maintain posit labor relat implement hri system streamlin process save hour manual work annual educ profession human resourc phr senior profession human resourc sphr profession summari result driven human resourc profession year progress experi proven abil deliv result collabor effect drive continu improv strong commun leadership analyt skill passion innov
cv_056,brittani taylor junior profession year experi healthcar field skill expertis medic code bill icd cpt healthcar administr hospit oper qualiti improv patient safeti infect control evid base practic clinic research biostatist public health epidemiolog health polici healthcar informat telemedicin profession experi conduct clinic research result peer review public develop patient educ materi improv medic adher percent educ bachelor degre nurs regist nurs profession summari result driven healthcar profession year progress experi proven abil deliv result collabor effect drive continu improv strong commun leadership analyt skill passion innov
cv_057,omar anderson princip profession year experi educ field skill expertis educ psycholog child develop learn theori behavior manag parent commun school counsel academ advis colleg prepar standard test tutor mentor student support servic inclus educ univers design learn profession experi establish tutor program improv risk student graduat rate percent coordin profession develop teacher educ doctor educ edd phd educ psycholog profession summari result driven educ profession year progress experi proven abil deliv result collabor effect drive continu improv strong commun leadership analyt skill passion innov
cv_058,marcu thoma princip profession year experi sale field skill expertis sale strategi sale forecast sale analyt competit intellig product knowledg technic sale demo present proof concept propos write contract negoti sale oper sale enabl sale train coach team leadership profession experi led sale team repres achiev percent team quota implement new methodolog increas convers rate percent educ bachelor degre commun psycholog profession summari result driven sale profession year progress experi proven abil deliv result collabor effect drive continu improv strong commun leadership analyt skill passion innov
cv_059,rachel jackson staff profession year experi project manag field skill expertis scope manag requir gather busi analysi process improv lean six sigma qualiti manag vendor manag contract manag procur outsourc offshor team remot team manag virtual collabor commun facilit profession experi deliv million dollar erp implement time budget manag cross function team peopl across countri implement agil reduc deliveri time percent educ bachelor degre busi administr project manag profession summari result driven project manag profession year progress experi proven abil deliv result collabor effect drive continu improv strong commun leadership analyt skill passion innov
cv_060,yuki white senior profession year experi cybersecur field skill expertis cloud secur applic secur web applic secur owasp devsecop secur code code review static analysi dynam analysi authent author ident access manag encrypt cryptographi profession experi led incid respons team handl secur incid annual prevent estim million dollar damag implement zero trust architectur reduc breach percent educ bachelor degre comput scienc inform secur cybersecur profession summari result driven cybersecur profession year progress experi proven abil deliv result collabor effect drive continu improv strong commun leadership analyt skill passion innov
cv_061,ryan harri princip profession year experi data scienc field skill expertis supervis learn unsupervis learn reinforc learn convolut neural network recurr neural network transform bert gpt word embed topic model sentiment analysi name entiti recognit text classif imag recognit object detect profession experi analyz larg dataset use python sql identifi busi opportun led team data scientist deliv project time publish research paper deep learn applic educ master degre appli mathemat statist univers profession summari result driven data scienc profession year progress experi proven abil deliv result collabor effect drive continu improv strong commun leadership analyt skill passion innov
cv_062,vanessa martin staff profession year experi softwar engin field skill expertis java python javascript typescript react angular vue nodej express django flask spring boot microservic rest api graphql docker kubernet devop git agil scrum softwar architectur design pattern object orient program function program profession experi develop scalabl microservic architectur serv million user daili reduc api respons time percent led migrat monolith cloud nativ architectur save percent infrastructur cost educ bachelor degre comput scienc softwar engin profession summari result driven softwar engin profession year progress experi proven abil deliv result collabor effect drive continu improv strong commun leadership analyt skill passion innov
cv_063,jeremi thompson lead profession year experi market field skill expertis digit market social media market content market email market search engin optim seo search engin market sem googl ad facebook ad instagram market brand manag market strategi custom acquisit lead gener convers optim profession experi built market autom system reduc manual work percent conduct market research inform product roadmap establish influenc partnership reach million potenti custom educ master degre market digit market busi profession summari result driven market profession year progress experi proven abil deliv result collabor effect drive continu improv strong commun leadership analyt skill passion innov
cv_064,amanda garcia junior profession year experi financ field skill expertis financi analysi financi model budget forecast account financi report varianc analysi cost analysi profit loss balanc sheet cash flow statement excel advanc formula pivot tabl vlookup financi plan invest analysi portfolio manag profession experi manag invest portfolio million dollar achiev percent benchmark conduct due dilig potenti acquisit target built financi plan model year strategi educ charter financi analyst cfa certifi public account cpa profession summari result driven financ profession year progress experi proven abil deliv result collabor effect drive continu improv strong commun leadership analyt skill passion innov
cv_065,stephani robinson senior profession year experi human resourc field skill expertis human resourc inform system hri workday sap oracl applic track system at linkedin recruit boolean search behavior interview compet base hire divers inclus equiti belong organiz develop chang manag profession experi implement perform manag system employe manag compens review save compani million annual develop train program reduc turnov percent educ bachelor degre human resourc manag psycholog profession summari result driven human resourc profession year progress experi proven abil deliv result collabor effect drive continu improv strong commun leadership analyt skill passion innov
cv_066,samantha lewi mid level profession year experi healthcar field skill expertis popul health manag chronic diseas manag care coordin case manag util review prior author denial manag revenu cycl manag valu base care account care organ patient center medic home profession experi led qualiti improv initi achiev joint commiss accredit without defici develop staf model optim nurs patient ratio reduc burnout educ master degre nurs healthcar administr public health profession summari result driven healthcar profession year progress experi proven abil deliv result collabor effect drive continu improv strong commun leadership analyt skill passion innov
cv_067,amber walker mid level profession year experi educ field skill expertis educ psycholog child develop learn theori behavior manag parent commun school counsel academ advis colleg prepar standard test tutor mentor student support servic inclus educ univers design learn profession experi launch project base learn initi increas student motiv score percent creat commun partnership program provid real world learn experi educ bachelor degre educ teach elementari secondari profession summari result driven educ profession year progress experi proven abil deliv result collabor effect drive continu improv strong commun leadership analyt skill passion innov
cv_068,akira hall mid level profession year experi sale field skill expertis saa sale subscript sale recur revenu arr mrr churn reduct expans revenu land expand outbound prospect sequenc autom outreach apollo zoominfo linkedin sale navig social sell video prospect profession experi led sale team repres achiev percent team quota implement new methodolog increas convers rate percent educ bachelor degre commun psycholog profession summari result driven sale profession year progress experi proven abil deliv result collabor effect drive continu improv strong commun leadership analyt skill passion innov
cv_069,monica allen mid level profession year experi project manag field skill expertis okr goal set strateg plan roadmap develop product roadmap technolog roadmap digit transform innov manag design think human center design servic design process redesign autom robot process autom rpa profession experi deliv million dollar erp implement time budget manag cross function team peopl across countri implement agil reduc deliveri time percent educ bachelor degre engin industri manag profession summari result driven project manag profession year progress experi proven abil deliv result collabor effect drive continu improv strong commun leadership analyt skill passion innov
cv_070,emili young mid level profession year experi cybersecur field skill expertis threat hunt red team blue team purpl team adversari simul mitr att framework threat model secur architectur secur engin bug bounti respons disclosur cve vulner research exploit develop profession experi develop secur train reduc phish success rate percent implement cloud secur control achiev iso certif educ certifi inform system secur profession cissp certifi ethic hacker ceh profession summari result driven cybersecur profession year progress experi proven abil deliv result collabor effect drive continu improv strong commun leadership analyt skill passion innov
cv_071,kevin hernandez senior profession year experi data scienc field skill expertis python machin learn deep learn neural network tensorflow pytorch scikit learn panda numpi data analysi statist model regress classif cluster natur languag process comput vision data visual matplotlib seaborn sql databas big data spark hadoop featur engin model deploy mlop profession experi analyz larg dataset use python sql identifi busi opportun led team data scientist deliv project time publish research paper deep learn applic educ master degre appli mathemat statist univers profession summari result driven data scienc profession year progress experi proven abil deliv result collabor effect drive continu improv strong commun leadership analyt skill passion innov
cv_072,layla king staff profession year experi softwar engin field skill expertis java python javascript typescript react angular vue nodej express django flask spring boot microservic rest api graphql docker kubernet devop git agil scrum softwar architectur design pattern object orient program function program profession experi design distribut system process billion event per day contribut open sourc project optim databas queri reduc load time percent educ bachelor degre electr engin comput scienc profession summari result driven softwar engin profession year progress experi proven abil deliv result collabor effect drive continu improv strong commun leadership analyt skill passion innov
cv_073,david wright junior profession year experi market field skill expertis growth hack viral market referr program affili market programmat advertis retarget lookalik audienc custom lifetim valu cohort analysi funnel optim land page optim test multivari test attribut model profession experi redesign compani websit improv bounc rate percent increas time site minut ran test per quarter systemat improv key metric educ bachelor degre journal commun public relat profession summari result driven market profession year progress experi proven abil deliv result collabor effect drive continu improv strong commun leadership analyt skill passion innov
cv_074,neha lopez junior profession year experi financ field skill expertis quantit analysi deriv option futur fix incom equiti research bloomberg termin reuter trade financi market invest bank privat equiti ventur capit hedg fund mutual fund asset manag wealth manag financi advisori profession experi led team analyst produc quarterli financi report develop risk manag framework adopt compani wide identifi invest opportun gener percent annual return educ charter financi analyst cfa certifi public account cpa profession summari result driven financ profession year progress experi proven abil deliv result collabor effect drive continu improv strong commun leadership analyt skill passion innov
cv_075,matthew hill lead profession year experi human resourc field skill expertis total reward job architectur salari benchmark equiti compens stock option restrict stock unit execut compens benefit design well program employe experi design employ brand talent brand candid experi glassdoor manag profession experi led divers initi increas divers hire percent redesign benefit packag improv employe satisfact percent educ profession human resourc phr senior profession human resourc sphr profession summari result driven human resourc profession year progress experi proven abil deliv result collabor effect drive continu improv strong commun leadership analyt skill passion innov
cv_076,carlo scott senior profession year experi healthcar field skill expertis patient care clinic document electron health record ehr epic cerner medic terminolog anatomi physiolog pharmacolog nurs diagnosi treatment plan medic administr vital sign monitor patient assess healthcar complianc hipaa profession experi implement telehealth program serv patient monthli pandem maintain care continu develop triag protocol reduc emerg depart wait time percent educ master degre nurs healthcar administr public health profession summari result driven healthcar profession year progress experi proven abil deliv result collabor effect drive continu improv strong commun leadership analyt skill passion innov
cv_077,justin green senior profession year experi educ field skill expertis instruct design elearn develop articul storylin adob captiv learn manag system train need analysi perform consult blend learn microlearn gamif badg certif corpor train workforc develop profession experi develop curriculum improv student test score percent implement technolog integr across classroom mentor first year teacher improv effect educ master degre educ curriculum instruct educ leadership profession summari result driven educ profession year progress experi proven abil deliv result collabor effect drive continu improv strong commun leadership analyt skill passion innov
cv_078,valentina adam staff profession year experi sale field skill expertis sale sale account manag busi develop cold call prospect lead qualif sale pipelin crm salesforc hubspot sale present negoti close techniqu custom relationship manag territori manag quota achiev profession experi close largest deal compani histori valu million dollar expand exist account grow annual contract million educ bachelor degre commun psycholog profession summari result driven sale profession year progress experi proven abil deliv result collabor effect drive continu improv strong commun leadership analyt skill passion innov
cv_079,eric baker staff profession year experi project manag field skill expertis scope manag requir gather busi analysi process improv lean six sigma qualiti manag vendor manag contract manag procur outsourc offshor team remot team manag virtual collabor commun facilit profession experi led organiz chang manag major restructur affect employe achiev percent adopt within month new system educ project manag profession pmp agil certifi practition profession summari result driven project manag profession year progress experi proven abil deliv result collabor effect drive continu improv strong commun leadership analyt skill passion innov
cv_080,jame nelson princip profession year experi cybersecur field skill expertis cloud secur applic secur web applic secur owasp devsecop secur code code review static analysi dynam analysi authent author ident access manag encrypt cryptographi profession experi built threat intellig program identifi neutral advanc persist threat group conduct red team exercis expos critic vulner product system educ certifi inform system secur profession cissp certifi ethic hacker ceh profession summari result driven cybersecur profession year progress experi proven abil deliv result collabor effect drive continu improv strong commun leadership analyt skill passion innov
cv_081,melissa carter staff profession year experi data scienc field skill expertis statist analysi predict model data mine exploratori data analysi hypothesi test test time seri forecast busi intellig tableau power program data wareh etl pipelin cloud comput aw gcp azur jupyt notebook git version control profession experi built comput vision system detect product defect percent accuraci reduc qualiti control cost percent implement test framework run simultan experi educ master degre appli mathemat statist univers profession summari result driven data scienc profession year progress experi proven abil deliv result collabor effect drive continu improv strong commun leadership analyt skill passion innov
cv_082,chen mitchel senior profession year experi softwar engin field skill expertis softwar test unit test integr test test driven develop code review refactor perform optim secur best practic authent author oauth jwt api design document technic write system design distribut system profession experi led technic architectur review modern legaci codebas reduc technic debt percent built develop platform increas team product percent educ bachelor degre comput scienc softwar engin profession summari result driven softwar engin profession year progress experi proven abil deliv result collabor effect drive continu improv strong commun leadership analyt skill passion innov
cv_083,brandon perez lead profession year experi market field skill expertis market research competit analysi custom segment buyer persona campaign manag market autom hubspot salesforc crm analyt googl analyt content creation copywrit blog write social media manag commun manag influenc market profession experi launch referr program acquir new custom percent tradit cac implement person engin increas convers rate percent educ bachelor degre journal commun public relat profession summari result driven market profession year progress experi proven abil deliv result collabor effect drive continu improv strong commun leadership analyt skill passion innov
cv_084,jasmin robert staff profession year experi financ field skill expertis crypto defi blockchain fintech payment process bank regul basel iii stress test liquid risk credit risk market risk oper risk model risk manag esg invest sustain financ impact invest factor invest smart beta profession experi led team analyst produc quarterli financi report develop risk manag framework adopt compani wide identifi invest opportun gener percent annual return educ master degre financi engin quantit financ profession summari result driven financ profession year progress experi proven abil deliv result collabor effect drive continu improv strong commun leadership analyt skill passion innov
cv_085,arjun turner junior profession year experi human resourc field skill expertis talent acquisit recruit sourc interview candid assess onboard employe relat perform manag compens benefit administr polici procedur employe engag retent train develop success plan workforc plan profession experi led divers initi increas divers hire percent redesign benefit packag improv employe satisfact percent educ profession human resourc phr senior profession human resourc sphr profession summari result driven human resourc profession year progress experi proven abil deliv result collabor effect drive continu improv strong commun leadership analyt skill passion innov
cv_086,timothi phillip mid level profession year experi healthcar field skill expertis physic therapi occup therapi speech therapi rehabilit patient educ wound care surgic procedur oper room intens care unit emerg medicin pediatr geriatr oncolog cardiolog neurolog orthoped mental health psychiatri profession experi manag electron health record implement across depart improv document accuraci percent coordin care reduc readmiss rate percent educ master degre nurs healthcar administr public health profession summari result driven healthcar profession year progress experi proven abil deliv result collabor effect drive continu improv strong commun leadership analyt skill passion innov
cv_087,joshua campbel princip profession year experi educ field skill expertis curriculum develop lesson plan classroom manag student assess differenti instruct special educ english languag learner student engag activ learn cooper learn project base learn technolog integr profession experi design onlin learn platform use student conduct action research publish educ journal creat inclus classroom achiev percent student engag educ master degre special educ learn disabl profession summari result driven educ profession year progress experi proven abil deliv result collabor effect drive continu improv strong commun leadership analyt skill passion innov
cv_088,miguel parker staff profession year experi sale field skill expertis saa sale subscript sale recur revenu arr mrr churn reduct expans revenu land expand outbound prospect sequenc autom outreach apollo zoominfo linkedin sale navig social sell video prospect profession experi built enterpris sale motion scratch close first fortun custom creat scalabl outbound process gener million qualifi pipelin monthli educ master degre busi administr mba sale manag profession summari result driven sale profession year progress experi proven abil deliv result collabor effect drive continu improv strong commun leadership analyt skill passion innov
cv_089,derrick evan mid level profession year experi project manag field skill expertis okr goal set strateg plan roadmap develop product roadmap technolog roadmap digit transform innov manag design think human center design servic design process redesign autom robot process autom rpa profession experi manag portfolio concurr project total million dollar establish pmo improv time deliveri percent educ master degre project manag mba oper manag profession summari result driven project manag profession year progress experi proven abil deliv result collabor effect drive continu improv strong commun leadership analyt skill passion innov
cv_090,raj edward mid level profession year experi cybersecur field skill expertis network secur inform secur penetr test vulner assess ethic hack firewal intrus detect prevent system siem endpoint protect antiviru malwar analysi threat intellig profession experi built threat intellig program identifi neutral advanc persist threat group conduct red team exercis expos critic vulner product system educ master degre inform secur cybersecur network secur profession summari result driven cybersecur profession year progress experi proven abil deliv result collabor effect drive continu improv strong commun leadership analyt skill passion innov
cv_091,megan collin junior profession year experi data scienc field skill expertis data engin apach spark kafka airflow dbt snowflak databrick data lake data mesh featur store mlflow kubeflow vertex sagemak data qualiti monitor model drift detect explain respons causal infer bayesian method profession experi develop machin learn model predict custom churn reduc attrit percent built recommend system increas user engag percent creat autom data pipelin process million record daili educ master degre data scienc machin learn artifici intellig profession summari result driven data scienc profession year progress experi proven abil deliv result collabor effect drive continu improv strong commun leadership analyt skill passion innov
cv_092,ahm stewart lead profession year experi softwar engin field skill expertis backend develop frontend develop full stack web develop mobil develop io android react nativ flutter databas design postgresql mysql mongodb redi elasticsearch messag queue kafka rabbitmq cloud servic aw azur googl cloud serverless function profession experi led technic architectur review modern legaci codebas reduc technic debt percent built develop platform increas team product percent educ bachelor degre electr engin comput scienc profession summari result driven softwar engin profession year progress experi proven abil deliv result collabor effect drive continu improv strong commun leadership analyt skill passion innov
cv_093,priya sanchez mid level profession year experi market field skill expertis growth hack viral market referr program affili market programmat advertis retarget lookalik audienc custom lifetim valu cohort analysi funnel optim land page optim test multivari test attribut model profession experi redesign compani websit improv bounc rate percent increas time site minut ran test per quarter systemat improv key metric educ master degre busi administr mba market profession summari result driven market profession year progress experi proven abil deliv result collabor effect drive continu improv strong commun leadership analyt skill passion innov
cv_094,michael morri staff profession year experi financ field skill expertis crypto defi blockchain fintech payment process bank regul basel iii stress test liquid risk credit risk market risk oper risk model risk manag esg invest sustain financ impact invest factor invest smart beta profession experi manag invest portfolio million dollar achiev percent benchmark conduct due dilig potenti acquisit target built financi plan model year strategi educ master degre financ mba busi administr profession summari result driven financ profession year progress experi proven abil deliv result collabor effect drive continu improv strong commun leadership analyt skill passion innov
cv_095,nicol roger lead profession year experi human resourc field skill expertis total reward job architectur salari benchmark equiti compens stock option restrict stock unit execut compens benefit design well program employe experi design employ brand talent brand candid experi glassdoor manag profession experi implement perform manag system employe manag compens review save compani million annual develop train program reduc turnov percent educ profession human resourc phr senior profession human resourc sphr profession summari result driven human resourc profession year progress experi proven abil deliv result collabor effect drive continu improv strong commun leadership analyt skill passion innov
cv_096,sofia reed senior profession year experi healthcar field skill expertis physic therapi occup therapi speech therapi rehabilit patient educ wound care surgic procedur oper room intens care unit emerg medicin pediatr geriatr oncolog cardiolog neurolog orthoped mental health psychiatri profession experi manag electron health record implement across depart improv document accuraci percent coordin care reduc readmiss rate percent educ doctor medicin physician medic school resid profession summari result driven healthcar profession year progress experi proven abil deliv result collabor effect drive continu improv strong commun leadership analyt skill passion innov
cv_097,jessica cook mid level profession year experi educ field skill expertis curriculum develop lesson plan classroom manag student assess differenti instruct special educ english languag learner student engag activ learn cooper learn project base learn technolog integr profession experi design onlin learn platform use student conduct action research publish educ journal creat inclus classroom achiev percent student engag educ master degre educ curriculum instruct educ leadership profession summari result driven educ profession year progress experi proven abil deliv result collabor effect drive continu improv strong commun leadership analyt skill passion innov
cv_098,troy morgan lead profession year experi sale field skill expertis solut sell consult sell valu base sell enterpris sale insid sale outsid sale field sale channel sale partner manag distributor relationship revenu growth market penetr custom success upsel cross sell renew manag profession experi led sale team repres achiev percent team quota implement new methodolog increas convers rate percent educ bachelor degre busi administr sale market profession summari result driven sale profession year progress experi proven abil deliv result collabor effect drive continu improv strong commun leadership analyt skill passion innov
cv_099,fatima bell lead profession year experi project manag field skill expertis scope manag requir gather busi analysi process improv lean six sigma qualiti manag vendor manag contract manag procur outsourc offshor team remot team manag virtual collabor commun facilit profession experi led organiz chang manag major restructur affect employe achiev percent adopt within month new system educ bachelor degre engin industri manag profession summari result driven project manag profession year progress experi proven abil deliv result collabor effect drive continu improv strong commun leadership analyt skill passion innov
cv_100,daniel murphi princip profession year experi cybersecur field skill expertis secur oper center incid respons digit forens log analysi secur monitor network traffic analysi wireshark nmap metasploit kali linux secur audit complianc pci dss iso nist framework zero trust profession experi built threat intellig program identifi neutral advanc persist threat group conduct red team exercis expos critic vulner product system educ bachelor degre inform technolog secur administr profession summari result driven cybersecur profession year progress experi proven abil deliv result collabor effect drive continu improv strong commun leadership analyt skill passion innov
cv_101,christoph wilson senior profession year experi data scienc field skill expertis data engin apach spark kafka airflow dbt snowflak databrick data lake data mesh featur store mlflow kubeflow vertex sagemak data qualiti monitor model drift detect explain respons causal infer bayesian method profession experi built comput vision system detect product defect percent accuraci reduc qualiti control cost percent implement test framework run simultan experi educ bachelor degre comput scienc statist mathemat profession summari result driven data scienc profession year progress experi proven abil deliv result collabor effect drive continu improv strong commun leadership analyt skill passion innov
cv_102,andrew johnson lead profession year experi softwar engin field skill expertis golang rust scala elixir phoenix event driven architectur cqr event sourc domain driven design hexagon architectur clean code solid principl twelv factor app observ log monitor trace prometheu grafana datadog profession experi led technic architectur review modern legaci codebas reduc technic debt percent built develop platform increas team product percent educ master degre comput scienc softwar system profession summari result driven softwar engin profession year progress experi proven abil deliv result collabor effect drive continu improv strong commun leadership analyt skill passion innov
cv_103,lauren brown junior profession year experi market field skill expertis product market market strategi launch campaign brand awar demand gener inbound market outbound market account base market public relat media relat press releas event market trade show webinar custom retent loyalti program profession experi launch referr program acquir new custom percent tradit cac implement person engin increas convers rate percent educ master degre busi administr mba market profession summari result driven market profession year progress experi proven abil deliv result collabor effect drive continu improv strong commun leadership analyt skill passion innov
cv_104,kayla davi lead profession year experi financ field skill expertis quantit analysi deriv option futur fix incom equiti research bloomberg termin reuter trade financi market invest bank privat equiti ventur capit hedg fund mutual fund asset manag wealth manag financi advisori profession experi restructur million dollar debt facil save million annual interest expens implement treasuri manag system improv cash visibl across countri educ master degre financ mba busi administr profession summari result driven financ profession year progress experi proven abil deliv result collabor effect drive continu improv strong commun leadership analyt skill passion innov
cv_105,wei martinez junior profession year experi human resourc field skill expertis talent acquisit recruit sourc interview candid assess onboard employe relat perform manag compens benefit administr polici procedur employe engag retent train develop success plan workforc plan profession experi built peopl analyt function provid data driven insight busi leader implement predict attrit model allow proactiv retent intervent educ bachelor degre human resourc manag psycholog profession summari result driven human resourc profession year progress experi proven abil deliv result collabor effect drive continu improv strong commun leadership analyt skill passion innov
cv_106,sarah taylor junior profession year experi healthcar field skill expertis medic code bill icd cpt healthcar administr hospit oper qualiti improv patient safeti infect control evid base practic clinic research biostatist public health epidemiolog health polici healthcar informat telemedicin profession experi implement telehealth program serv patient monthli pandem maintain care continu develop triag protocol reduc emerg depart wait time percent educ master degre nurs healthcar administr public health profession summari result driven healthcar profession year progress experi proven abil deliv result collabor effect drive continu improv strong commun leadership analyt skill passion innov
cv_107,ashley anderson lead profession year experi educ field skill expertis instruct design elearn develop articul storylin adob captiv learn manag system train need analysi perform consult blend learn microlearn gamif badg certif corpor train workforc develop profession experi establish tutor program improv risk student graduat rate percent coordin profession develop teacher educ master degre educ curriculum instruct educ leadership profession summari result driven educ profession year progress experi proven abil deliv result collabor effect drive continu improv strong commun leadership analyt skill passion innov
cv_108,lui thoma lead profession year experi sale field skill expertis sale strategi sale forecast sale analyt competit intellig product knowledg technic sale demo present proof concept propos write contract negoti sale oper sale enabl sale train coach team leadership profession experi built enterpris sale motion scratch close first fortun custom creat scalabl outbound process gener million qualifi pipelin monthli educ bachelor degre commun psycholog profession summari result driven sale profession year progress experi proven abil deliv result collabor effect drive continu improv strong commun leadership analyt skill passion innov
cv_109,isabella jackson staff profession year experi project manag field skill expertis project plan project schedul resourc alloc budget manag risk manag stakehold manag project document statu report chang manag project closur lesson learn pmp certif agil scrum kanban waterfal methodolog profession experi manag portfolio concurr project total million dollar establish pmo improv time deliveri percent educ bachelor degre busi administr project manag profession summari result driven project manag profession year progress experi proven abil deliv result collabor effect drive continu improv strong commun leadership analyt skill passion innov
cv_110,brittani white staff profession year experi cybersecur field skill expertis network secur inform secur penetr test vulner assess ethic hack firewal intrus detect prevent system siem endpoint protect antiviru malwar analysi threat intellig profession experi develop secur train reduc phish success rate percent implement cloud secur control achiev iso certif educ master degre inform secur cybersecur network secur profession summari result driven cybersecur profession year progress experi proven abil deliv result collabor effect drive continu improv strong commun leadership analyt skill passion innov
cv_111,omar harri mid level profession year experi data scienc field skill expertis python machin learn deep learn neural network tensorflow pytorch scikit learn panda numpi data analysi statist model regress classif cluster natur languag process comput vision data visual matplotlib seaborn sql databas big data spark hadoop featur engin model deploy mlop profession experi develop machin learn model predict custom churn reduc attrit percent built recommend system increas user engag percent creat autom data pipelin process million record daili educ master degre data scienc machin learn artifici intellig profession summari result driven data scienc profession year progress experi proven abil deliv result collabor effect drive continu improv strong commun leadership analyt skill passion innov
cv_112,marcu martin lead profession year experi softwar engin field skill expertis backend develop frontend develop full stack web develop mobil develop io android react nativ flutter databas design postgresql mysql mongodb redi elasticsearch messag queue kafka rabbitmq cloud servic aw azur googl cloud serverless function profession experi built full stack web applic use custom implement pipelin reduc deploy time day hour mentor junior develop maintain high code qualiti educ master degre comput scienc softwar system profession summari result driven softwar engin profession year progress experi proven abil deliv result collabor effect drive continu improv strong commun leadership analyt skill passion innov
cv_113,rachel thompson senior profession year experi market field skill expertis market research competit analysi custom segment buyer persona campaign manag market autom hubspot salesforc crm analyt googl analyt content creation copywrit blog write social media manag commun manag influenc market profession experi launch referr program acquir new custom percent tradit cac implement person engin increas convers rate percent educ bachelor degre journal commun public relat profession summari result driven market profession year progress experi proven abil deliv result collabor effect drive continu improv strong commun leadership analyt skill passion innov
cv_114,yuki garcia junior profession year experi financ field skill expertis financi analysi financi model budget forecast account financi report varianc analysi cost analysi profit loss balanc sheet cash flow statement excel advanc formula pivot tabl vlookup financi plan invest analysi portfolio manag profession experi led team analyst produc quarterli financi report develop risk manag framework adopt compani wide identifi invest opportun gener percent annual return educ charter financi analyst cfa certifi public account cpa profession summari result driven financ profession year progress experi proven abil deliv result collabor effect drive continu improv strong commun leadership analyt skill passion innov
cv_115,ryan robinson lead profession year experi human resourc field skill expertis labor relat employ law complianc payrol administr leav manag conflict resolut disciplinari procedur termin offboard analyt peopl analyt employe survey cultur build team build leadership develop coach mentor profession experi negoti new union contract maintain posit labor relat implement hri system streamlin process save hour manual work annual educ master degre busi administr organiz develop profession summari result driven human resourc profession year progress experi proven abil deliv result collabor effect drive continu improv strong commun leadership analyt skill passion innov
cv_116,vanessa lewi junior profession year experi healthcar field skill expertis patient care clinic document electron health record ehr epic cerner medic terminolog anatomi physiolog pharmacolog nurs diagnosi treatment plan medic administr vital sign monitor patient assess healthcar complianc hipaa profession experi led qualiti improv initi achiev joint commiss accredit without defici develop staf model optim nurs patient ratio reduc burnout educ master degre nurs healthcar administr public health profession summari result driven healthcar profession year progress experi proven abil deliv result collabor effect drive continu improv strong commun leadership analyt skill passion innov
cv_117,jeremi walker senior profession year experi educ field skill expertis curriculum develop lesson plan classroom manag student assess differenti instruct special educ english languag learner student engag activ learn cooper learn project base learn technolog integr profession experi implement social emot learn curriculum reduc disciplinari incid percent develop famili engag program increas parent particip percent educ bachelor degre educ teach elementari secondari profession summari result driven educ profession year progress experi proven abil deliv result collabor effect drive continu improv strong commun leadership analyt skill passion innov
cv_118,amanda hall princip profession year experi sale field skill expertis saa sale subscript sale recur revenu arr mrr churn reduct expans revenu land expand outbound prospect sequenc autom outreach apollo zoominfo linkedin sale navig social sell video prospect profession experi close largest deal compani histori valu million dollar expand exist account grow annual contract million educ bachelor degre busi administr sale market profession summari result driven sale profession year progress experi proven abil deliv result collabor effect drive continu improv strong commun leadership analyt skill passion innov
cv_119,stephani allen junior profession year experi project manag field skill expertis project plan project schedul resourc alloc budget manag risk manag stakehold manag project document statu report chang manag project closur lesson learn pmp certif agil scrum kanban waterfal methodolog profession experi manag portfolio concurr project total million dollar establish pmo improv time deliveri percent educ bachelor degre engin industri manag profession summari result driven project manag profession year progress experi proven abil deliv result collabor effect drive continu improv strong commun leadership analyt skill passion innov
cv_120,samantha young lead profession year experi cybersecur field skill expertis cloud secur applic secur web applic secur owasp devsecop secur code code review static analysi dynam analysi authent author ident access manag encrypt cryptographi profession experi built threat intellig program identifi neutral advanc persist threat group conduct red team exercis expos critic vulner product system educ master degre inform secur cybersecur network secur profession summari result driven cybersecur profession year progress experi proven abil deliv result collabor effect drive continu improv strong commun leadership analyt skill passion innov
cv_121,amber hernandez lead profession year experi data scienc field skill expertis supervis learn unsupervis learn reinforc learn convolut neural network recurr neural network transform bert gpt word embed topic model sentiment analysi name entiti recognit text classif imag recognit object detect profession experi creat demand forecast model reduc inventori cost percent develop custom segment analysi identifi high valu segment built execut dashboard use suit daili educ master degre appli mathemat statist univers profession summari result driven data scienc profession year progress experi proven abil deliv result collabor effect drive continu improv strong commun leadership analyt skill passion innov
cv_122,akira king junior profession year experi softwar engin field skill expertis softwar test unit test integr test test driven develop code review refactor perform optim secur best practic authent author oauth jwt api design document technic write system design distribut system profession experi design distribut system process billion event per day contribut open sourc project optim databas queri reduc load time percent educ master degre comput scienc softwar system profession summari result driven softwar engin profession year progress experi proven abil deliv result collabor effect drive continu improv strong commun leadership analyt skill passion innov
cv_123,monica wright princip profession year experi market field skill expertis growth hack viral market referr program affili market programmat advertis retarget lookalik audienc custom lifetim valu cohort analysi funnel optim land page optim test multivari test attribut model profession experi develop content strategi increas organ traffic percent manag googl ad campaign million dollar annual budget achiev roi creat brand guidelin adopt across countri educ master degre busi administr mba market profession summari result driven market profession year progress experi proven abil deliv result collabor effect drive continu improv strong commun leadership analyt skill passion innov
cv_124,emili lopez senior profession year experi financ field skill expertis quantit analysi deriv option futur fix incom equiti research bloomberg termin reuter trade financi market invest bank privat equiti ventur capit hedg fund mutual fund asset manag wealth manag financi advisori profession experi prepar financi model support million dollar acquisit decis manag million dollar budget identifi million cost save implement financi report system reduc close time day educ master degre financi engin quantit financ profession summari result driven financ profession year progress experi proven abil deliv result collabor effect drive continu improv strong commun leadership analyt skill passion innov
cv_125,kevin hill senior profession year experi human resourc field skill expertis total reward job architectur salari benchmark equiti compens stock option restrict stock unit execut compens benefit design well program employe experi design employ brand talent brand candid experi glassdoor manag profession experi implement perform manag system employe manag compens review save compani million annual develop train program reduc turnov percent educ profession human resourc phr senior profession human resourc sphr profession summari result driven human resourc profession year progress experi proven abil deliv result collabor effect drive continu improv strong commun leadership analyt skill passion innov
cv_126,layla scott princip profession year experi healthcar field skill expertis physic therapi occup therapi speech therapi rehabilit patient educ wound care surgic procedur oper room intens care unit emerg medicin pediatr geriatr oncolog cardiolog neurolog orthoped mental health psychiatri profession experi led qualiti improv initi achiev joint commiss accredit without defici develop staf model optim nurs patient ratio reduc burnout educ doctor medicin physician medic school resid profession summari result driven healthcar profession year progress experi proven abil deliv result collabor effect drive continu improv strong commun leadership analyt skill passion innov
cv_127,david green staff profession year experi educ field skill expertis educ psycholog child develop learn theori behavior manag parent commun school counsel academ advis colleg prepar standard test tutor mentor student support servic inclus educ univers design learn profession experi develop curriculum improv student test score percent implement technolog integr across classroom mentor first year teacher improv effect educ master degre educ curriculum instruct educ leadership profession summari result driven educ profession year progress experi proven abil deliv result collabor effect drive continu improv strong commun leadership analyt skill passion innov
cv_128,neha adam staff profession year experi sale field skill expertis saa sale subscript sale recur revenu arr mrr churn reduct expans revenu land expand outbound prospect sequenc autom outreach apollo zoominfo linkedin sale navig social sell video prospect profession experi implement custom success program reduc churn percent increas net revenu retent percent expand region territori gener million new revenu educ master degre busi administr mba sale manag profession summari result driven sale profession year progress experi proven abil deliv result collabor effect drive continu improv strong commun leadership analyt skill passion innov
cv_129,matthew baker junior profession year experi project manag field skill expertis okr goal set strateg plan roadmap develop product roadmap technolog roadmap digit transform innov manag design think human center design servic design process redesign autom robot process autom rpa profession experi manag portfolio concurr project total million dollar establish pmo improv time deliveri percent educ bachelor degre busi administr project manag profession summari result driven project manag profession year progress experi proven abil deliv result collabor effect drive continu improv strong commun leadership analyt skill passion innov
cv_130,carlo nelson senior profession year experi cybersecur field skill expertis secur oper center incid respons digit forens log analysi secur monitor network traffic analysi wireshark nmap metasploit kali linux secur audit complianc pci dss iso nist framework zero trust profession experi built threat intellig program identifi neutral advanc persist threat group conduct red team exercis expos critic vulner product system educ master degre inform secur cybersecur network secur profession summari result driven cybersecur profession year progress experi proven abil deliv result collabor effect drive continu improv strong commun leadership analyt skill passion innov
cv_131,justin carter lead profession year experi data scienc field skill expertis data engin apach spark kafka airflow dbt snowflak databrick data lake data mesh featur store mlflow kubeflow vertex sagemak data qualiti monitor model drift detect explain respons causal infer bayesian method profession experi creat demand forecast model reduc inventori cost percent develop custom segment analysi identifi high valu segment built execut dashboard use suit daili educ phd comput linguist natur languag process profession summari result driven data scienc profession year progress experi proven abil deliv result collabor effect drive continu improv strong commun leadership analyt skill passion innov
cv_132,valentina mitchel senior profession year experi softwar engin field skill expertis softwar test unit test integr test test driven develop code review refactor perform optim secur best practic authent author oauth jwt api design document technic write system design distribut system profession experi design distribut system process billion event per day contribut open sourc project optim databas queri reduc load time percent educ self taught softwar engin bootcamp code profession summari result driven softwar engin profession year progress experi proven abil deliv result collabor effect drive continu improv strong commun leadership analyt skill passion innov
cv_133,eric perez staff profession year experi market field skill expertis product market market strategi launch campaign brand awar demand gener inbound market outbound market account base market public relat media relat press releas event market trade show webinar custom retent loyalti program profession experi develop content strategi increas organ traffic percent manag googl ad campaign million dollar annual budget achiev roi creat brand guidelin adopt across countri educ bachelor degre market commun busi administr profession summari result driven market profession year progress experi proven abil deliv result collabor effect drive continu improv strong commun leadership analyt skill passion innov
cv_134,jame robert mid level profession year experi financ field skill expertis quantit analysi deriv option futur fix incom equiti research bloomberg termin reuter trade financi market invest bank privat equiti ventur capit hedg fund mutual fund asset manag wealth manag financi advisori profession experi prepar financi model support million dollar acquisit decis manag million dollar budget identifi million cost save implement financi report system reduc close time day educ master degre financ mba busi administr profession summari result driven financ profession year progress experi proven abil deliv result collabor effect drive continu improv strong commun leadership analyt skill passion innov
cv_135,melissa turner junior profession year experi human resourc field skill expertis total reward job architectur salari benchmark equiti compens stock option restrict stock unit execut compens benefit design well program employe experi design employ brand talent brand candid experi glassdoor manag profession experi led divers initi increas divers hire percent redesign benefit packag improv employe satisfact percent educ profession human resourc phr senior profession human resourc sphr profession summari result driven human resourc profession year progress experi proven abil deliv result collabor effect drive continu improv strong commun leadership analyt skill passion innov
cv_136,chen phillip mid level profession year experi healthcar field skill expertis physic therapi occup therapi speech therapi rehabilit patient educ wound care surgic procedur oper room intens care unit emerg medicin pediatr geriatr oncolog cardiolog neurolog orthoped mental health psychiatri profession experi manag electron health record implement across depart improv document accuraci percent coordin care reduc readmiss rate percent educ doctor medicin physician medic school resid profession summari result driven healthcar profession year progress experi proven abil deliv result collabor effect drive continu improv strong commun leadership analyt skill passion innov
cv_137,brandon campbel senior profession year experi educ field skill expertis curriculum develop lesson plan classroom manag student assess differenti instruct special educ english languag learner student engag activ learn cooper learn project base learn technolog integr profession experi implement social emot learn curriculum reduc disciplinari incid percent develop famili engag program increas parent particip percent educ master degre educ curriculum instruct educ leadership profession summari result driven educ profession year progress experi proven abil deliv result collabor effect drive continu improv strong commun leadership analyt skill passion innov
cv_138,jasmin parker staff profession year experi sale field skill expertis sale sale account manag busi develop cold call prospect lead qualif sale pipelin crm salesforc hubspot sale present negoti close techniqu custom relationship manag territori manag quota achiev profession experi implement custom success program reduc churn percent increas net revenu retent percent expand region territori gener million new revenu educ bachelor degre commun psycholog profession summari result driven sale profession year progress experi proven abil deliv result collabor effect drive continu improv strong commun leadership analyt skill passion innov
cv_139,arjun evan princip profession year experi project manag field skill expertis okr goal set strateg plan roadmap develop product roadmap technolog roadmap digit transform innov manag design think human center design servic design process redesign autom robot process autom rpa profession experi deliv million dollar erp implement time budget manag cross function team peopl across countri implement agil reduc deliveri time percent educ bachelor degre busi administr project manag profession summari result driven project manag profession year progress experi proven abil deliv result collabor effect drive continu improv strong commun leadership analyt skill passion innov
cv_140,timothi edward senior profession year experi cybersecur field skill expertis threat hunt red team blue team purpl team adversari simul mitr att framework threat model secur architectur secur engin bug bounti respons disclosur cve vulner research exploit develop profession experi built threat intellig program identifi neutral advanc persist threat group conduct red team exercis expos critic vulner product system educ bachelor degre inform technolog secur administr profession summari result driven cybersecur profession year progress experi proven abil deliv result collabor effect drive continu improv strong commun leadership analyt skill passion innov
cv_141,joshua collin junior profession year experi data scienc field skill expertis python machin learn deep learn neural network tensorflow pytorch scikit learn panda numpi data analysi statist model regress classif cluster natur languag process comput vision data visual matplotlib seaborn sql databas big data spark hadoop featur engin model deploy mlop profession experi design deploy natur languag process system autom custom support handl queri daili built real time fraud detect model save compani million dollar annual educ master degre appli mathemat statist univers profession summari result driven data scienc profession year progress experi proven abil deliv result collabor effect drive continu improv strong commun leadership analyt skill passion innov
cv_142,miguel stewart princip profession year experi softwar engin field skill expertis golang rust scala elixir phoenix event driven architectur cqr event sourc domain driven design hexagon architectur clean code solid principl twelv factor app observ log monitor trace prometheu grafana datadog profession experi led technic architectur review modern legaci codebas reduc technic debt percent built develop platform increas team product percent educ bachelor degre comput scienc softwar engin profession summari result driven softwar engin profession year progress experi proven abil deliv result collabor effect drive continu improv strong commun leadership analyt skill passion innov
cv_143,derrick sanchez junior profession year experi market field skill expertis market research competit analysi custom segment buyer persona campaign manag market autom hubspot salesforc crm analyt googl analyt content creation copywrit blog write social media manag commun manag influenc market profession experi develop content strategi increas organ traffic percent manag googl ad campaign million dollar annual budget achiev roi creat brand guidelin adopt across countri educ bachelor degre journal commun public relat profession summari result driven market profession year progress experi proven abil deliv result collabor effect drive continu improv strong commun leadership analyt skill passion innov
cv_144,raj morri princip profession year experi financ field skill expertis financi analysi financi model budget forecast account financi report varianc analysi cost analysi profit loss balanc sheet cash flow statement excel advanc formula pivot tabl vlookup financi plan invest analysi portfolio manag profession experi built financi model ipo roadshow rais million dollar develop price model new product line improv gross margin percentag point educ master degre financi engin quantit financ profession summari result driven financ profession year progress experi proven abil deliv result collabor effect drive continu improv strong commun leadership analyt skill passion innov
cv_145,megan roger senior profession year experi human resourc field skill expertis total reward job architectur salari benchmark equiti compens stock option restrict stock unit execut compens benefit design well program employe experi design employ brand talent brand candid experi glassdoor manag profession experi built peopl analyt function provid data driven insight busi leader implement predict attrit model allow proactiv retent intervent educ master degre busi administr organiz develop profession summari result driven human resourc profession year progress experi proven abil deliv result collabor effect drive continu improv strong commun leadership analyt skill passion innov
cv_146,ahm reed princip profession year experi healthcar field skill expertis physic therapi occup therapi speech therapi rehabilit patient educ wound care surgic procedur oper room intens care unit emerg medicin pediatr geriatr oncolog cardiolog neurolog orthoped mental health psychiatri profession experi led qualiti improv initi achiev joint commiss accredit without defici develop staf model optim nurs patient ratio reduc burnout educ bachelor degre nurs regist nurs profession summari result driven healthcar profession year progress experi proven abil deliv result collabor effect drive continu improv strong commun leadership analyt skill passion innov
cv_147,priya cook staff profession year experi educ field skill expertis educ psycholog child develop learn theori behavior manag parent commun school counsel academ advis colleg prepar standard test tutor mentor student support servic inclus educ univers design learn profession experi design onlin learn platform use student conduct action research publish educ journal creat inclus classroom achiev percent student engag educ doctor educ edd phd educ psycholog profession summari result driven educ profession year progress experi proven abil deliv result collabor effect drive continu improv strong commun leadership analyt skill passion innov
cv_148,michael morgan princip profession year experi sale field skill expertis solut sell consult sell valu base sell enterpris sale insid sale outsid sale field sale channel sale partner manag distributor relationship revenu growth market penetr custom success upsel cross sell renew manag profession experi led sale team repres achiev percent team quota implement new methodolog increas convers rate percent educ master degre busi administr mba sale manag profession summari result driven sale profession year progress experi proven abil deliv result collabor effect drive continu improv strong commun leadership analyt skill passion innov
cv_149,nicol bell lead profession year experi project manag field skill expertis microsoft project jira confluenc trello asana monday gantt chart work breakdown structur critic path method earn valu manag project govern program manag portfolio manag benefit realiz strateg align cross function team profession experi deliv million dollar erp implement time budget manag cross function team peopl across countri implement agil reduc deliveri time percent educ bachelor degre engin industri manag profession summari result driven project manag profession year progress experi proven abil deliv result collabor effect drive continu improv strong commun leadership analyt skill passion innov
cv_150,sofia murphi senior profession year experi cybersecur field skill expertis cloud secur applic secur web applic secur owasp devsecop secur code code review static analysi dynam analysi authent author ident access manag encrypt cryptographi profession experi led incid respons team handl secur incid annual prevent estim million dollar damag implement zero trust architectur reduc breach percent educ master degre inform secur cybersecur network secur profession summari result driven cybersecur profession year progress experi proven abil deliv result collabor effect drive continu improv strong commun leadership analyt skill passion innov
cv_151,jessica wilson senior profession year experi data scienc field skill expertis data engin apach spark kafka airflow dbt snowflak databrick data lake data mesh featur store mlflow kubeflow vertex sagemak data qualiti monitor model drift detect explain respons causal infer bayesian method profession experi develop machin learn model predict custom churn reduc attrit percent built recommend system increas user engag percent creat autom data pipelin process million record daili educ master degre data scienc machin learn artifici intellig profession summari result driven data scienc profession year progress experi proven abil deliv result collabor effect drive continu improv strong commun leadership analyt skill passion innov
cv_152,troy johnson staff profession year experi softwar engin field skill expertis golang rust scala elixir phoenix event driven architectur cqr event sourc domain driven design hexagon architectur clean code solid principl twelv factor app observ log monitor trace prometheu grafana datadog profession experi develop scalabl microservic architectur serv million user daili reduc api respons time percent led migrat monolith cloud nativ architectur save percent infrastructur cost educ master degre comput scienc softwar system profession summari result driven softwar engin profession year progress experi proven abil deliv result collabor effect drive continu improv strong commun leadership analyt skill passion innov
cv_153,fatima brown junior profession year experi market field skill expertis product market market strategi launch campaign brand awar demand gener inbound market outbound market account base market public relat media relat press releas event market trade show webinar custom retent loyalti program profession experi develop content strategi increas organ traffic percent manag googl ad campaign million dollar annual budget achiev roi creat brand guidelin adopt across countri educ bachelor degre market commun busi administr profession summari result driven market profession year progress experi proven abil deliv result collabor effect drive continu improv strong commun leadership analyt skill passion innov
cv_154,daniel davi lead profession year experi financ field skill expertis quantit analysi deriv option futur fix incom equiti research bloomberg termin reuter trade financi market invest bank privat equiti ventur capit hedg fund mutual fund asset manag wealth manag financi advisori profession experi built financi model ipo roadshow rais million dollar develop price model new product line improv gross margin percentag point educ charter financi analyst cfa certifi public account cpa profession summari result driven financ profession year progress experi proven abil deliv result collabor effect drive continu improv strong commun leadership analyt skill passion innov
cv_155,christoph martinez senior profession year experi human resourc field skill expertis total reward job architectur salari benchmark equiti compens stock option restrict stock unit execut compens benefit design well program employe experi design employ brand talent brand candid experi glassdoor manag profession experi led divers initi increas divers hire percent redesign benefit packag improv employe satisfact percent educ master degre busi administr organiz develop profession summari result driven human resourc profession year progress experi proven abil deliv result collabor effect drive continu improv strong commun leadership analyt skill passion innov
cv_156,andrew taylor princip profession year experi healthcar field skill expertis popul health manag chronic diseas manag care coordin case manag util review prior author denial manag revenu cycl manag valu base care account care organ patient center medic home profession experi implement telehealth program serv patient monthli pandem maintain care continu develop triag protocol reduc emerg depart wait time percent educ bachelor degre nurs regist nurs profession summari result driven healthcar profession year progress experi proven abil deliv result collabor effect drive continu improv strong commun leadership analyt skill passion innov
cv_157,lauren anderson junior profession year experi educ field skill expertis instruct design elearn develop articul storylin adob captiv learn manag system train need analysi perform consult blend learn microlearn gamif badg certif corpor train workforc develop profession experi establish tutor program improv risk student graduat rate percent coordin profession develop teacher educ doctor educ edd phd educ psycholog profession summari result driven educ profession year progress experi proven abil deliv result collabor effect drive continu improv strong commun leadership analyt skill passion innov
cv_158,kayla thoma staff profession year experi sale field skill expertis solut sell consult sell valu base sell enterpris sale insid sale outsid sale field sale channel sale partner manag distributor relationship revenu growth market penetr custom success upsel cross sell renew manag profession experi implement custom success program reduc churn percent increas net revenu retent percent expand region territori gener million new revenu educ bachelor degre busi administr sale market profession summari result driven sale profession year progress experi proven abil deliv result collabor effect drive continu improv strong commun leadership analyt skill passion innov
cv_159,wei jackson princip profession year experi project manag field skill expertis project plan project schedul resourc alloc budget manag risk manag stakehold manag project document statu report chang manag project closur lesson learn pmp certif agil scrum kanban waterfal methodolog profession experi led digit transform initi modern legaci system affect employe manag vendor relationship million dollar technolog contract educ bachelor degre engin industri manag profession summari result driven project manag profession year progress experi proven abil deliv result collabor effect drive continu improv strong commun leadership analyt skill passion innov
cv_160,sarah white staff profession year experi cybersecur field skill expertis cloud secur applic secur web applic secur owasp devsecop secur code code review static analysi dynam analysi authent author ident access manag encrypt cryptographi profession experi conduct penetr test identifi critic vulner built secur oper center monitor endpoint hour day educ bachelor degre inform technolog secur administr profession summari result driven cybersecur profession year progress experi proven abil deliv result collabor effect drive continu improv strong commun leadership analyt skill passion innov
cv_161,ashley harri lead profession year experi data scienc field skill expertis python machin learn deep learn neural network tensorflow pytorch scikit learn panda numpi data analysi statist model regress classif cluster natur languag process comput vision data visual matplotlib seaborn sql databas big data spark hadoop featur engin model deploy mlop profession experi built comput vision system detect product defect percent accuraci reduc qualiti control cost percent implement test framework run simultan experi educ phd comput linguist natur languag process profession summari result driven data scienc profession year progress experi proven abil deliv result collabor effect drive continu improv strong commun leadership analyt skill passion innov
cv_162,lui martin senior profession year experi softwar engin field skill expertis softwar test unit test integr test test driven develop code review refactor perform optim secur best practic authent author oauth jwt api design document technic write system design distribut system profession experi develop scalabl microservic architectur serv million user daili reduc api respons time percent led migrat monolith cloud nativ architectur save percent infrastructur cost educ master degre comput scienc softwar system profession summari result driven softwar engin profession year progress experi proven abil deliv result collabor effect drive continu improv strong commun leadership analyt skill passion innov
cv_163,isabella thompson princip profession year experi market field skill expertis growth hack viral market referr program affili market programmat advertis retarget lookalik audienc custom lifetim valu cohort analysi funnel optim land page optim test multivari test attribut model profession experi built market autom system reduc manual work percent conduct market research inform product roadmap establish influenc partnership reach million potenti custom educ master degre busi administr mba market profession summari result driven market profession year progress experi proven abil deliv result collabor effect drive continu improv strong commun leadership analyt skill passion innov
cv_164,brittani garcia senior profession year experi financ field skill expertis crypto defi blockchain fintech payment process bank regul basel iii stress test liquid risk credit risk market risk oper risk model risk manag esg invest sustain financ impact invest factor invest smart beta profession experi prepar financi model support million dollar acquisit decis manag million dollar budget identifi million cost save implement financi report system reduc close time day educ charter financi analyst cfa certifi public account cpa profession summari result driven financ profession year progress experi proven abil deliv result collabor effect drive continu improv strong commun leadership analyt skill passion innov
cv_165,omar robinson staff profession year experi human resourc field skill expertis talent acquisit recruit sourc interview candid assess onboard employe relat perform manag compens benefit administr polici procedur employe engag retent train develop success plan workforc plan profession experi built peopl analyt function provid data driven insight busi leader implement predict attrit model allow proactiv retent intervent educ bachelor degre human resourc manag psycholog profession summari result driven human resourc profession year progress experi proven abil deliv result collabor effect drive continu improv strong commun leadership analyt skill passion innov
cv_166,marcu lewi mid level profession year experi healthcar field skill expertis popul health manag chronic diseas manag care coordin case manag util review prior author denial manag revenu cycl manag valu base care account care organ patient center medic home profession experi implement telehealth program serv patient monthli pandem maintain care continu develop triag protocol reduc emerg depart wait time percent educ bachelor degre nurs regist nurs profession summari result driven healthcar profession year progress experi proven abil deliv result collabor effect drive continu improv strong commun leadership analyt skill passion innov
cv_167,rachel walker staff profession year experi educ field skill expertis higher educ academ research teach univers colleg faculti instruct cours design onlin learn lm canva blackboard moodl academ publish peer review grant write research methodolog literatur review thesi dissert advis profession experi implement social emot learn curriculum reduc disciplinari incid percent develop famili engag program increas parent particip percent educ master degre special educ learn disabl profession summari result driven educ profession year progress experi proven abil deliv result collabor effect drive continu improv strong commun leadership analyt skill passion innov
cv_168,yuki hall princip profession year experi sale field skill expertis sale sale account manag busi develop cold call prospect lead qualif sale pipelin crm salesforc hubspot sale present negoti close techniqu custom relationship manag territori manag quota achiev profession experi led sale team repres achiev percent team quota implement new methodolog increas convers rate percent educ bachelor degre commun psycholog profession summari result driven sale profession year progress experi proven abil deliv result collabor effect drive continu improv strong commun leadership analyt skill passion innov
cv_169,ryan allen junior profession year experi project manag field skill expertis scope manag requir gather busi analysi process improv lean six sigma qualiti manag vendor manag contract manag procur outsourc offshor team remot team manag virtual collabor commun facilit profession experi manag portfolio concurr project total million dollar establish pmo improv time deliveri percent educ bachelor degre engin industri manag profession summari result driven project manag profession year progress experi proven abil deliv result collabor effect drive continu improv strong commun leadership analyt skill passion innov
cv_170,vanessa young princip profession year experi cybersecur field skill expertis secur oper center incid respons digit forens log analysi secur monitor network traffic analysi wireshark nmap metasploit kali linux secur audit complianc pci dss iso nist framework zero trust profession experi conduct penetr test identifi critic vulner built secur oper center monitor endpoint hour day educ certifi inform system secur profession cissp certifi ethic hacker ceh profession summari result driven cybersecur profession year progress experi proven abil deliv result collabor effect drive continu improv strong commun leadership analyt skill passion innov
cv_171,jeremi hernandez junior profession year experi data scienc field skill expertis data engin apach spark kafka airflow dbt snowflak databrick data lake data mesh featur store mlflow kubeflow vertex sagemak data qualiti monitor model drift detect explain respons causal infer bayesian method profession experi develop machin learn model predict custom churn reduc attrit percent built recommend system increas user engag percent creat autom data pipelin process million record daili educ master degre data scienc machin learn artifici intellig profession summari result driven data scienc profession year progress experi proven abil deliv result collabor effect drive continu improv strong commun leadership analyt skill passion innov
cv_172,amanda king staff profession year experi softwar engin field skill expertis java python javascript typescript react angular vue nodej express django flask spring boot microservic rest api graphql docker kubernet devop git agil scrum softwar architectur design pattern object orient program function program profession experi built full stack web applic use custom implement pipelin reduc deploy time day hour mentor junior develop maintain high code qualiti educ self taught softwar engin bootcamp code profession summari result driven softwar engin profession year progress experi proven abil deliv result collabor effect drive continu improv strong commun leadership analyt skill passion innov
cv_173,stephani wright lead profession year experi market field skill expertis product market market strategi launch campaign brand awar demand gener inbound market outbound market account base market public relat media relat press releas event market trade show webinar custom retent loyalti program profession experi launch referr program acquir new custom percent tradit cac implement person engin increas convers rate percent educ master degre busi administr mba market profession summari result driven market profession year progress experi proven abil deliv result collabor effect drive continu improv strong commun leadership analyt skill passion innov
cv_174,samantha lopez lead profession year experi financ field skill expertis crypto defi blockchain fintech payment process bank regul basel iii stress test liquid risk credit risk market risk oper risk model risk manag esg invest sustain financ impact invest factor invest smart beta profession experi built financi model ipo roadshow rais million dollar develop price model new product line improv gross margin percentag point educ master degre financ mba busi administr profession summari result driven financ profession year progress experi proven abil deliv result collabor effect drive continu improv strong commun leadership analyt skill passion innov
cv_175,amber hill lead profession year experi human resourc field skill expertis human resourc inform system hri workday sap oracl applic track system at linkedin recruit boolean search behavior interview compet base hire divers inclus equiti belong organiz develop chang manag profession experi reduc time hire day hire employe one year maintain percent retent design onboard program increas new hire product percent educ profession human resourc phr senior profession human resourc sphr profession summari result driven human resourc profession year progress experi proven abil deliv result collabor effect drive continu improv strong commun leadership analyt skill passion innov
cv_176,akira scott staff profession year experi healthcar field skill expertis physic therapi occup therapi speech therapi rehabilit patient educ wound care surgic procedur oper room intens care unit emerg medicin pediatr geriatr oncolog cardiolog neurolog orthoped mental health psychiatri profession experi provid patient care patient daili maintain percent satisfact implement clinic protocol reduc hospit acquir infect percent train new staff educ doctor medicin physician medic school resid profession summari result driven healthcar profession year progress experi proven abil deliv result collabor effect drive continu improv strong commun leadership analyt skill passion innov
cv_177,monica green princip profession year experi educ field skill expertis instruct design elearn develop articul storylin adob captiv learn manag system train need analysi perform consult blend learn microlearn gamif badg certif corpor train workforc develop profession experi design onlin learn platform use student conduct action research publish educ journal creat inclus classroom achiev percent student engag educ master degre special educ learn disabl profession summari result driven educ profession year progress experi proven abil deliv result collabor effect drive continu improv strong commun leadership analyt skill passion innov
cv_178,emili adam lead profession year experi sale field skill expertis sale strategi sale forecast sale analyt competit intellig product knowledg technic sale demo present proof concept propos write contract negoti sale oper sale enabl sale train coach team leadership profession experi close largest deal compani histori valu million dollar expand exist account grow annual contract million educ bachelor degre liber art busi minor profession summari result driven sale profession year progress experi proven abil deliv result collabor effect drive continu improv strong commun leadership analyt skill passion innov
cv_179,kevin baker mid level profession year experi project manag field skill expertis microsoft project jira confluenc trello asana monday gantt chart work breakdown structur critic path method earn valu manag project govern program manag portfolio manag benefit realiz strateg align cross function team profession experi led digit transform initi modern legaci system affect employe manag vendor relationship million dollar technolog contract educ bachelor degre engin industri manag profession summari result driven project manag profession year progress experi proven abil deliv result collabor effect drive continu improv strong commun leadership analyt skill passion innov
cv_180,layla nelson staff profession year experi cybersecur field skill expertis network secur inform secur penetr test vulner assess ethic hack firewal intrus detect prevent system siem endpoint protect antiviru malwar analysi threat intellig profession experi develop secur train reduc phish success rate percent implement cloud secur control achiev iso certif educ bachelor degre inform technolog secur administr profession summari result driven cybersecur profession year progress experi proven abil deliv result collabor effect drive continu improv strong commun leadership analyt skill passion innov
cv_181,david carter junior profession year experi data scienc field skill expertis data engin apach spark kafka airflow dbt snowflak databrick data lake data mesh featur store mlflow kubeflow vertex sagemak data qualiti monitor model drift detect explain respons causal infer bayesian method profession experi analyz larg dataset use python sql identifi busi opportun led team data scientist deliv project time publish research paper deep learn applic educ master degre appli mathemat statist univers profession summari result driven data scienc profession year progress experi proven abil deliv result collabor effect drive continu improv strong commun leadership analyt skill passion innov
cv_182,neha mitchel junior profession year experi softwar engin field skill expertis softwar test unit test integr test test driven develop code review refactor perform optim secur best practic authent author oauth jwt api design document technic write system design distribut system profession experi develop scalabl microservic architectur serv million user daili reduc api respons time percent led migrat monolith cloud nativ architectur save percent infrastructur cost educ self taught softwar engin bootcamp code profession summari result driven softwar engin profession year progress experi proven abil deliv result collabor effect drive continu improv strong commun leadership analyt skill passion innov
cv_183,matthew perez lead profession year experi market field skill expertis growth hack viral market referr program affili market programmat advertis retarget lookalik audienc custom lifetim valu cohort analysi funnel optim land page optim test multivari test attribut model profession experi manag social media account grow follow increas email open rate percent led product launch campaign gener million dollar first month revenu educ master degre market digit market busi profession summari result driven market profession year progress experi proven abil deliv result collabor effect drive continu improv strong commun leadership analyt skill passion innov
cv_184,carlo robert senior profession year experi financ field skill expertis financi analysi financi model budget forecast account financi report varianc analysi cost analysi profit loss balanc sheet cash flow statement excel advanc formula pivot tabl vlookup financi plan invest analysi portfolio manag profession experi restructur million dollar debt facil save million annual interest expens implement treasuri manag system improv cash visibl across countri educ charter financi analyst cfa certifi public account cpa profession summari result driven financ profession year progress experi proven abil deliv result collabor effect drive continu improv strong commun leadership analyt skill passion innov
cv_185,justin turner senior profession year experi human resourc field skill expertis talent acquisit recruit sourc interview candid assess onboard employe relat perform manag compens benefit administr polici procedur employe engag retent train develop success plan workforc plan profession experi led divers initi increas divers hire percent redesign benefit packag improv employe satisfact percent educ master degre busi administr organiz develop profession summari result driven human resourc profession year progress experi proven abil deliv result collabor effect drive continu improv strong commun leadership analyt skill passion innov
cv_186,valentina phillip mid level profession year experi healthcar field skill expertis patient care clinic document electron health record ehr epic cerner medic terminolog anatomi physiolog pharmacolog nurs diagnosi treatment plan medic administr vital sign monitor patient assess healthcar complianc hipaa profession experi led qualiti improv initi achiev joint commiss accredit without defici develop staf model optim nurs patient ratio reduc burnout educ bachelor degre nurs regist nurs profession summari result driven healthcar profession year progress experi proven abil deliv result collabor effect drive continu improv strong commun leadership analyt skill passion innov
cv_187,eric campbel junior profession year experi educ field skill expertis educ psycholog child develop learn theori behavior manag parent commun school counsel academ advis colleg prepar standard test tutor mentor student support servic inclus educ univers design learn profession experi develop curriculum improv student test score percent implement technolog integr across classroom mentor first year teacher improv effect educ master degre special educ learn disabl profession summari result driven educ profession year progress experi proven abil deliv result collabor effect drive continu improv strong commun leadership analyt skill passion innov
cv_188,jame parker junior profession year experi sale field skill expertis saa sale subscript sale recur revenu arr mrr churn reduct expans revenu land expand outbound prospect sequenc autom outreach apollo zoominfo linkedin sale navig social sell video prospect profession experi led sale team repres achiev percent team quota implement new methodolog increas convers rate percent educ bachelor degre commun psycholog profession summari result driven sale profession year progress experi proven abil deliv result collabor effect drive continu improv strong commun leadership analyt skill passion innov
cv_189,melissa evan senior profession year experi project manag field skill expertis scope manag requir gather busi analysi process improv lean six sigma qualiti manag vendor manag contract manag procur outsourc offshor team remot team manag virtual collabor commun facilit profession experi deliv million dollar erp implement time budget manag cross function team peopl across countri implement agil reduc deliveri time percent educ project manag profession pmp agil certifi practition profession summari result driven project manag profession year progress experi proven abil deliv result collabor effect drive continu improv strong commun leadership analyt skill passion innov
cv_190,chen edward princip profession year experi cybersecur field skill expertis threat hunt red team blue team purpl team adversari simul mitr att framework threat model secur architectur secur engin bug bounti respons disclosur cve vulner research exploit develop profession experi conduct penetr test identifi critic vulner built secur oper center monitor endpoint hour day educ master degre inform secur cybersecur network secur profession summari result driven cybersecur profession year progress experi proven abil deliv result collabor effect drive continu improv strong commun leadership analyt skill passion innov
cv_191,brandon collin junior profession year experi data scienc field skill expertis statist analysi predict model data mine exploratori data analysi hypothesi test test time seri forecast busi intellig tableau power program data wareh etl pipelin cloud comput aw gcp azur jupyt notebook git version control profession experi analyz larg dataset use python sql identifi busi opportun led team data scientist deliv project time publish research paper deep learn applic educ master degre data scienc machin learn artifici intellig profession summari result driven data scienc profession year progress experi proven abil deliv result collabor effect drive continu improv strong commun leadership analyt skill passion innov
cv_192,jasmin stewart mid level profession year experi softwar engin field skill expertis backend develop frontend develop full stack web develop mobil develop io android react nativ flutter databas design postgresql mysql mongodb redi elasticsearch messag queue kafka rabbitmq cloud servic aw azur googl cloud serverless function profession experi led technic architectur review modern legaci codebas reduc technic debt percent built develop platform increas team product percent educ master degre comput scienc softwar system profession summari result driven softwar engin profession year progress experi proven abil deliv result collabor effect drive continu improv strong commun leadership analyt skill passion innov
cv_193,arjun sanchez staff profession year experi market field skill expertis product market market strategi launch campaign brand awar demand gener inbound market outbound market account base market public relat media relat press releas event market trade show webinar custom retent loyalti program profession experi launch referr program acquir new custom percent tradit cac implement person engin increas convers rate percent educ bachelor degre journal commun public relat profession summari result driven market profession year progress experi proven abil deliv result collabor effect drive continu improv strong commun leadership analyt skill passion innov
cv_194,timothi morri junior profession year experi financ field skill expertis crypto defi blockchain fintech payment process bank regul basel iii stress test liquid risk credit risk market risk oper risk model risk manag esg invest sustain financ impact invest factor invest smart beta profession experi manag invest portfolio million dollar achiev percent benchmark conduct due dilig potenti acquisit target built financi plan model year strategi educ master degre financ mba busi administr profession summari result driven financ profession year progress experi proven abil deliv result collabor effect drive continu improv strong commun leadership analyt skill passion innov
cv_195,joshua roger staff profession year experi human resourc field skill expertis labor relat employ law complianc payrol administr leav manag conflict resolut disciplinari procedur termin offboard analyt peopl analyt employe survey cultur build team build leadership develop coach mentor profession experi negoti new union contract maintain posit labor relat implement hri system streamlin process save hour manual work annual educ profession human resourc phr senior profession human resourc sphr profession summari result driven human resourc profession year progress experi proven abil deliv result collabor effect drive continu improv strong commun leadership analyt skill passion innov
cv_196,miguel reed mid level profession year experi healthcar field skill expertis physic therapi occup therapi speech therapi rehabilit patient educ wound care surgic procedur oper room intens care unit emerg medicin pediatr geriatr oncolog cardiolog neurolog orthoped mental health psychiatri profession experi implement telehealth program serv patient monthli pandem maintain care continu develop triag protocol reduc emerg depart wait time percent educ doctor medicin physician medic school resid profession summari result driven healthcar profession year progress experi proven abil deliv result collabor effect drive continu improv strong commun leadership analyt skill passion innov
cv_197,derrick cook lead profession year experi educ field skill expertis instruct design elearn develop articul storylin adob captiv learn manag system train need analysi perform consult blend learn microlearn gamif badg certif corpor train workforc develop profession experi develop curriculum improv student test score percent implement technolog integr across classroom mentor first year teacher improv effect educ master degre educ curriculum instruct educ leadership profession summari result driven educ profession year progress experi proven abil deliv result collabor effect drive continu improv strong commun leadership analyt skill passion innov
cv_198,raj morgan staff profession year experi sale field skill expertis sale strategi sale forecast sale analyt competit intellig product knowledg technic sale demo present proof concept propos write contract negoti sale oper sale enabl sale train coach team leadership profession experi close largest deal compani histori valu million dollar expand exist account grow annual contract million educ bachelor degre busi administr sale market profession summari result driven sale profession year progress experi proven abil deliv result collabor effect drive continu improv strong commun leadership analyt skill passion innov
cv_199,megan bell princip profession year experi project manag field skill expertis scope manag requir gather busi analysi process improv lean six sigma qualiti manag vendor manag contract manag procur outsourc offshor team remot team manag virtual collabor commun facilit profession experi deliv million dollar erp implement time budget manag cross function team peopl across countri implement agil reduc deliveri time percent educ bachelor degre busi administr project manag profession summari result driven project manag profession year progress experi proven abil deliv result collabor effect drive continu improv strong commun leadership analyt skill passion innov
cv_200,ahm murphi mid level profession year experi cybersecur field skill expertis cloud secur applic secur web applic secur owasp devsecop secur code code review static analysi dynam analysi authent author ident access manag encrypt cryptographi profession experi conduct penetr test identifi critic vulner built secur oper center monitor endpoint hour day educ certifi inform system secur profession cissp certifi ethic hacker ceh profession summari result driven cybersecur profession year progress experi proven abil deliv result collabor effect drive continu improv strong commun leadership analyt skill passion innov
cv_201,priya wilson staff profession year experi data scienc field skill expertis supervis learn unsupervis learn reinforc learn convolut neural network recurr neural network transform bert gpt word embed topic model sentiment analysi name entiti recognit text classif imag recognit object detect profession experi analyz larg dataset use python sql identifi busi opportun led team data scientist deliv project time publish research paper deep learn applic educ bachelor degre comput scienc statist mathemat profession summari result driven data scienc profession year progress experi proven abil deliv result collabor effect drive continu improv strong commun leadership analyt skill passion innov
cv_202,michael johnson princip profession year experi softwar engin field skill expertis softwar test unit test integr test test driven develop code review refactor perform optim secur best practic authent author oauth jwt api design document technic write system design distribut system profession experi led technic architectur review modern legaci codebas reduc technic debt percent built develop platform increas team product percent educ bachelor degre comput scienc softwar engin profession summari result driven softwar engin profession year progress experi proven abil deliv result collabor effect drive continu improv strong commun leadership analyt skill passion innov
cv_203,nicol brown senior profession year experi market field skill expertis market research competit analysi custom segment buyer persona campaign manag market autom hubspot salesforc crm analyt googl analyt content creation copywrit blog write social media manag commun manag influenc market profession experi manag social media account grow follow increas email open rate percent led product launch campaign gener million dollar first month revenu educ bachelor degre journal commun public relat profession summari result driven market profession year progress experi proven abil deliv result collabor effect drive continu improv strong commun leadership analyt skill passion innov
cv_204,sofia davi princip profession year experi financ field skill expertis corpor financ valuat discount cash flow dcf merger acquisit due dilig risk manag complianc regulatori report gaap ifr audit intern control sox complianc tax plan treasuri manag work capit manag profession experi led team analyst produc quarterli financi report develop risk manag framework adopt compani wide identifi invest opportun gener percent annual return educ master degre financ mba busi administr profession summari result driven financ profession year progress experi proven abil deliv result collabor effect drive continu improv strong commun leadership analyt skill passion innov
cv_205,jessica martinez lead profession year experi human resourc field skill expertis labor relat employ law complianc payrol administr leav manag conflict resolut disciplinari procedur termin offboard analyt peopl analyt employe survey cultur build team build leadership develop coach mentor profession experi implement perform manag system employe manag compens review save compani million annual develop train program reduc turnov percent educ profession human resourc phr senior profession human resourc sphr profession summari result driven human resourc profession year progress experi proven abil deliv result collabor effect drive continu improv strong commun leadership analyt skill passion innov
cv_206,troy taylor junior profession year experi healthcar field skill expertis physic therapi occup therapi speech therapi rehabilit patient educ wound care surgic procedur oper room intens care unit emerg medicin pediatr geriatr oncolog cardiolog neurolog orthoped mental health psychiatri profession experi provid patient care patient daili maintain percent satisfact implement clinic protocol reduc hospit acquir infect percent train new staff educ bachelor degre health scienc pre medicin biolog profession summari result driven healthcar profession year progress experi proven abil deliv result collabor effect drive continu improv strong commun leadership analyt skill passion innov
cv_207,fatima anderson junior profession year experi educ field skill expertis educ psycholog child develop learn theori behavior manag parent commun school counsel academ advis colleg prepar standard test tutor mentor student support servic inclus educ univers design learn profession experi launch project base learn initi increas student motiv score percent creat commun partnership program provid real world learn experi educ doctor educ edd phd educ psycholog profession summari result driven educ profession year progress experi proven abil deliv result collabor effect drive continu improv strong commun leadership analyt skill passion innov
cv_208,daniel thoma lead profession year experi sale field skill expertis sale sale account manag busi develop cold call prospect lead qualif sale pipelin crm salesforc hubspot sale present negoti close techniqu custom relationship manag territori manag quota achiev profession experi close largest deal compani histori valu million dollar expand exist account grow annual contract million educ bachelor degre busi administr sale market profession summari result driven sale profession year progress experi proven abil deliv result collabor effect drive continu improv strong commun leadership analyt skill passion innov
cv_209,christoph jackson staff profession year experi project manag field skill expertis scope manag requir gather busi analysi process improv lean six sigma qualiti manag vendor manag contract manag procur outsourc offshor team remot team manag virtual collabor commun facilit profession experi led organiz chang manag major restructur affect employe achiev percent adopt within month new system educ bachelor degre engin industri manag profession summari result driven project manag profession year progress experi proven abil deliv result collabor effect drive continu improv strong commun leadership analyt skill passion innov
cv_210,andrew white junior profession year experi cybersecur field skill expertis network secur inform secur penetr test vulner assess ethic hack firewal intrus detect prevent system siem endpoint protect antiviru malwar analysi threat intellig profession experi conduct penetr test identifi critic vulner built secur oper center monitor endpoint hour day educ bachelor degre inform technolog secur administr profession summari result driven cybersecur profession year progress experi proven abil deliv result collabor effect drive continu improv strong commun leadership analyt skill passion innov
cv_211,lauren harri staff profession year experi data scienc field skill expertis supervis learn unsupervis learn reinforc learn convolut neural network recurr neural network transform bert gpt word embed topic model sentiment analysi name entiti recognit text classif imag recognit object detect profession experi creat demand forecast model reduc inventori cost percent develop custom segment analysi identifi high valu segment built execut dashboard use suit daili educ master degre data scienc machin learn artifici intellig profession summari result driven data scienc profession year progress experi proven abil deliv result collabor effect drive continu improv strong commun leadership analyt skill passion innov
cv_212,kayla martin junior profession year experi softwar engin field skill expertis golang rust scala elixir phoenix event driven architectur cqr event sourc domain driven design hexagon architectur clean code solid principl twelv factor app observ log monitor trace prometheu grafana datadog profession experi design distribut system process billion event per day contribut open sourc project optim databas queri reduc load time percent educ self taught softwar engin bootcamp code profession summari result driven softwar engin profession year progress experi proven abil deliv result collabor effect drive continu improv strong commun leadership analyt skill passion innov
cv_213,wei thompson lead profession year experi market field skill expertis digit market social media market content market email market search engin optim seo search engin market sem googl ad facebook ad instagram market brand manag market strategi custom acquisit lead gener convers optim profession experi manag social media account grow follow increas email open rate percent led product launch campaign gener million dollar first month revenu educ bachelor degre journal commun public relat profession summari result driven market profession year progress experi proven abil deliv result collabor effect drive continu improv strong commun leadership analyt skill passion innov
cv_214,sarah garcia lead profession year experi financ field skill expertis financi analysi financi model budget forecast account financi report varianc analysi cost analysi profit loss balanc sheet cash flow statement excel advanc formula pivot tabl vlookup financi plan invest analysi portfolio manag profession experi led team analyst produc quarterli financi report develop risk manag framework adopt compani wide identifi invest opportun gener percent annual return educ master degre financ mba busi administr profession summari result driven financ profession year progress experi proven abil deliv result collabor effect drive continu improv strong commun leadership analyt skill passion innov
cv_215,ashley robinson princip profession year experi human resourc field skill expertis labor relat employ law complianc payrol administr leav manag conflict resolut disciplinari procedur termin offboard analyt peopl analyt employe survey cultur build team build leadership develop coach mentor profession experi negoti new union contract maintain posit labor relat implement hri system streamlin process save hour manual work annual educ master degre busi administr organiz develop profession summari result driven human resourc profession year progress experi proven abil deliv result collabor effect drive continu improv strong commun leadership analyt skill passion innov
cv_216,lui lewi princip profession year experi healthcar field skill expertis popul health manag chronic diseas manag care coordin case manag util review prior author denial manag revenu cycl manag valu base care account care organ patient center medic home profession experi provid patient care patient daili maintain percent satisfact implement clinic protocol reduc hospit acquir infect percent train new staff educ bachelor degre health scienc pre medicin biolog profession summari result driven healthcar profession year progress experi proven abil deliv result collabor effect drive continu improv strong commun leadership analyt skill passion innov
cv_217,isabella walker mid level profession year experi educ field skill expertis higher educ academ research teach univers colleg faculti instruct cours design onlin learn lm canva blackboard moodl academ publish peer review grant write research methodolog literatur review thesi dissert advis profession experi develop curriculum improv student test score percent implement technolog integr across classroom mentor first year teacher improv effect educ doctor educ edd phd educ psycholog profession summari result driven educ profession year progress experi proven abil deliv result collabor effect drive continu improv strong commun leadership analyt skill passion innov
cv_218,brittani hall junior profession year experi sale field skill expertis saa sale subscript sale recur revenu arr mrr churn reduct expans revenu land expand outbound prospect sequenc autom outreach apollo zoominfo linkedin sale navig social sell video prospect profession experi led sale team repres achiev percent team quota implement new methodolog increas convers rate percent educ bachelor degre commun psycholog profession summari result driven sale profession year progress experi proven abil deliv result collabor effect drive continu improv strong commun leadership analyt skill passion innov
cv_219,omar allen senior profession year experi project manag field skill expertis scope manag requir gather busi analysi process improv lean six sigma qualiti manag vendor manag contract manag procur outsourc offshor team remot team manag virtual collabor commun facilit profession experi deliv million dollar erp implement time budget manag cross function team peopl across countri implement agil reduc deliveri time percent educ bachelor degre engin industri manag profession summari result driven project manag profession year progress experi proven abil deliv result collabor effect drive continu improv strong commun leadership analyt skill passion innov
cv_220,marcu young staff profession year experi cybersecur field skill expertis network secur inform secur penetr test vulner assess ethic hack firewal intrus detect prevent system siem endpoint protect antiviru malwar analysi threat intellig profession experi built threat intellig program identifi neutral advanc persist threat group conduct red team exercis expos critic vulner product system educ bachelor degre comput scienc inform secur cybersecur profession summari result driven cybersecur profession year progress experi proven abil deliv result collabor effect drive continu improv strong commun leadership analyt skill passion innov
cv_221,rachel hernandez mid level profession year experi data scienc field skill expertis python machin learn deep learn neural network tensorflow pytorch scikit learn panda numpi data analysi statist model regress classif cluster natur languag process comput vision data visual matplotlib seaborn sql databas big data spark hadoop featur engin model deploy mlop profession experi develop machin learn model predict custom churn reduc attrit percent built recommend system increas user engag percent creat autom data pipelin process million record daili educ phd comput linguist natur languag process profession summari result driven data scienc profession year progress experi proven abil deliv result collabor effect drive continu improv strong commun leadership analyt skill passion innov
cv_222,yuki king princip profession year experi softwar engin field skill expertis backend develop frontend develop full stack web develop mobil develop io android react nativ flutter databas design postgresql mysql mongodb redi elasticsearch messag queue kafka rabbitmq cloud servic aw azur googl cloud serverless function profession experi develop scalabl microservic architectur serv million user daili reduc api respons time percent led migrat monolith cloud nativ architectur save percent infrastructur cost educ master degre comput scienc softwar system profession summari result driven softwar engin profession year progress experi proven abil deliv result collabor effect drive continu improv strong commun leadership analyt skill passion innov
cv_223,ryan wright princip profession year experi market field skill expertis market research competit analysi custom segment buyer persona campaign manag market autom hubspot salesforc crm analyt googl analyt content creation copywrit blog write social media manag commun manag influenc market profession experi built market autom system reduc manual work percent conduct market research inform product roadmap establish influenc partnership reach million potenti custom educ master degre market digit market busi profession summari result driven market profession year progress experi proven abil deliv result collabor effect drive continu improv strong commun leadership analyt skill passion innov
cv_224,vanessa lopez princip profession year experi financ field skill expertis quantit analysi deriv option futur fix incom equiti research bloomberg termin reuter trade financi market invest bank privat equiti ventur capit hedg fund mutual fund asset manag wealth manag financi advisori profession experi led team analyst produc quarterli financi report develop risk manag framework adopt compani wide identifi invest opportun gener percent annual return educ master degre financ mba busi administr profession summari result driven financ profession year progress experi proven abil deliv result collabor effect drive continu improv strong commun leadership analyt skill passion innov
cv_225,jeremi hill mid level profession year experi human resourc field skill expertis human resourc inform system hri workday sap oracl applic track system at linkedin recruit boolean search behavior interview compet base hire divers inclus equiti belong organiz develop chang manag profession experi reduc time hire day hire employe one year maintain percent retent design onboard program increas new hire product percent educ bachelor degre human resourc manag psycholog profession summari result driven human resourc profession year progress experi proven abil deliv result collabor effect drive continu improv strong commun leadership analyt skill passion innov
cv_226,amanda scott junior profession year experi healthcar field skill expertis physic therapi occup therapi speech therapi rehabilit patient educ wound care surgic procedur oper room intens care unit emerg medicin pediatr geriatr oncolog cardiolog neurolog orthoped mental health psychiatri profession experi manag electron health record implement across depart improv document accuraci percent coordin care reduc readmiss rate percent educ doctor medicin physician medic school resid profession summari result driven healthcar profession year progress experi proven abil deliv result collabor effect drive continu improv strong commun leadership analyt skill passion innov
cv_227,stephani green staff profession year experi educ field skill expertis higher educ academ research teach univers colleg faculti instruct cours design onlin learn lm canva blackboard moodl academ publish peer review grant write research methodolog literatur review thesi dissert advis profession experi develop curriculum improv student test score percent implement technolog integr across classroom mentor first year teacher improv effect educ master degre educ curriculum instruct educ leadership profession summari result driven educ profession year progress experi proven abil deliv result collabor effect drive continu improv strong commun leadership analyt skill passion innov
cv_228,samantha adam lead profession year experi sale field skill expertis sale sale account manag busi develop cold call prospect lead qualif sale pipelin crm salesforc hubspot sale present negoti close techniqu custom relationship manag territori manag quota achiev profession experi exceed sale quota percent consecut year gener million dollar new revenu built territori zero million annual recur revenu educ bachelor degre liber art busi minor profession summari result driven sale profession year progress experi proven abil deliv result collabor effect drive continu improv strong commun leadership analyt skill passion innov
cv_229,amber baker princip profession year experi project manag field skill expertis project plan project schedul resourc alloc budget manag risk manag stakehold manag project document statu report chang manag project closur lesson learn pmp certif agil scrum kanban waterfal methodolog profession experi manag portfolio concurr project total million dollar establish pmo improv time deliveri percent educ master degre project manag mba oper manag profession summari result driven project manag profession year progress experi proven abil deliv result collabor effect drive continu improv strong commun leadership analyt skill passion innov
cv_230,akira nelson junior profession year experi cybersecur field skill expertis cloud secur applic secur web applic secur owasp devsecop secur code code review static analysi dynam analysi authent author ident access manag encrypt cryptographi profession experi built threat intellig program identifi neutral advanc persist threat group conduct red team exercis expos critic vulner product system educ bachelor degre comput scienc inform secur cybersecur profession summari result driven cybersecur profession year progress experi proven abil deliv result collabor effect drive continu improv strong commun leadership analyt skill passion innov
cv_231,monica carter lead profession year experi data scienc field skill expertis data engin apach spark kafka airflow dbt snowflak databrick data lake data mesh featur store mlflow kubeflow vertex sagemak data qualiti monitor model drift detect explain respons causal infer bayesian method profession experi built comput vision system detect product defect percent accuraci reduc qualiti control cost percent implement test framework run simultan experi educ bachelor degre comput scienc statist mathemat profession summari result driven data scienc profession year progress experi proven abil deliv result collabor effect drive continu improv strong commun leadership analyt skill passion innov
cv_232,emili mitchel princip profession year experi softwar engin field skill expertis java python javascript typescript react angular vue nodej express django flask spring boot microservic rest api graphql docker kubernet devop git agil scrum softwar architectur design pattern object orient program function program profession experi develop scalabl microservic architectur serv million user daili reduc api respons time percent led migrat monolith cloud nativ architectur save percent infrastructur cost educ bachelor degre electr engin comput scienc profession summari result driven softwar engin profession year progress experi proven abil deliv result collabor effect drive continu improv strong commun leadership analyt skill passion innov
cv_233,kevin perez princip profession year experi market field skill expertis digit market social media market content market email market search engin optim seo search engin market sem googl ad facebook ad instagram market brand manag market strategi custom acquisit lead gener convers optim profession experi develop content strategi increas organ traffic percent manag googl ad campaign million dollar annual budget achiev roi creat brand guidelin adopt across countri educ bachelor degre journal commun public relat profession summari result driven market profession year progress experi proven abil deliv result collabor effect drive continu improv strong commun leadership analyt skill passion innov
cv_234,layla robert lead profession year experi financ field skill expertis quantit analysi deriv option futur fix incom equiti research bloomberg termin reuter trade financi market invest bank privat equiti ventur capit hedg fund mutual fund asset manag wealth manag financi advisori profession experi restructur million dollar debt facil save million annual interest expens implement treasuri manag system improv cash visibl across countri educ charter financi analyst cfa certifi public account cpa profession summari result driven financ profession year progress experi proven abil deliv result collabor effect drive continu improv strong commun leadership analyt skill passion innov
cv_235,david turner staff profession year experi human resourc field skill expertis total reward job architectur salari benchmark equiti compens stock option restrict stock unit execut compens benefit design well program employe experi design employ brand talent brand candid experi glassdoor manag profession experi reduc time hire day hire employe one year maintain percent retent design onboard program increas new hire product percent educ bachelor degre human resourc manag psycholog profession summari result driven human resourc profession year progress experi proven abil deliv result collabor effect drive continu improv strong commun leadership analyt skill passion innov
cv_236,neha phillip mid level profession year experi healthcar field skill expertis medic code bill icd cpt healthcar administr hospit oper qualiti improv patient safeti infect control evid base practic clinic research biostatist public health epidemiolog health polici healthcar informat telemedicin profession experi implement telehealth program serv patient monthli pandem maintain care continu develop triag protocol reduc emerg depart wait time percent educ bachelor degre health scienc pre medicin biolog profession summari result driven healthcar profession year progress experi proven abil deliv result collabor effect drive continu improv strong commun leadership analyt skill passion innov
cv_237,matthew campbel lead profession year experi educ field skill expertis higher educ academ research teach univers colleg faculti instruct cours design onlin learn lm canva blackboard moodl academ publish peer review grant write research methodolog literatur review thesi dissert advis profession experi launch project base learn initi increas student motiv score percent creat commun partnership program provid real world learn experi educ master degre special educ learn disabl profession summari result driven educ profession year progress experi proven abil deliv result collabor effect drive continu improv strong commun leadership analyt skill passion innov
cv_238,carlo parker staff profession year experi sale field skill expertis sale strategi sale forecast sale analyt competit intellig product knowledg technic sale demo present proof concept propos write contract negoti sale oper sale enabl sale train coach team leadership profession experi built enterpris sale motion scratch close first fortun custom creat scalabl outbound process gener million qualifi pipelin monthli educ bachelor degre commun psycholog profession summari result driven sale profession year progress experi proven abil deliv result collabor effect drive continu improv strong commun leadership analyt skill passion innov
cv_239,justin evan junior profession year experi project manag field skill expertis scope manag requir gather busi analysi process improv lean six sigma qualiti manag vendor manag contract manag procur outsourc offshor team remot team manag virtual collabor commun facilit profession experi led digit transform initi modern legaci system affect employe manag vendor relationship million dollar technolog contract educ bachelor degre engin industri manag profession summari result driven project manag profession year progress experi proven abil deliv result collabor effect drive continu improv strong commun leadership analyt skill passion innov
cv_240,valentina edward junior profession year experi cybersecur field skill expertis network secur inform secur penetr test vulner assess ethic hack firewal intrus detect prevent system siem endpoint protect antiviru malwar analysi threat intellig profession experi led incid respons team handl secur incid annual prevent estim million dollar damag implement zero trust architectur reduc breach percent educ bachelor degre inform technolog secur administr profession summari result driven cybersecur profession year progress experi proven abil deliv result collabor effect drive continu improv strong commun leadership analyt skill passion innov
cv_241,eric collin princip profession year experi data scienc field skill expertis statist analysi predict model data mine exploratori data analysi hypothesi test test time seri forecast busi intellig tableau power program data wareh etl pipelin cloud comput aw gcp azur jupyt notebook git version control profession experi creat demand forecast model reduc inventori cost percent develop custom segment analysi identifi high valu segment built execut dashboard use suit daili educ bachelor degre comput scienc statist mathemat profession summari result driven data scienc profession year progress experi proven abil deliv result collabor effect drive continu improv strong commun leadership analyt skill passion innov
cv_242,jame stewart senior profession year experi softwar engin field skill expertis softwar test unit test integr test test driven develop code review refactor perform optim secur best practic authent author oauth jwt api design document technic write system design distribut system profession experi develop scalabl microservic architectur serv million user daili reduc api respons time percent led migrat monolith cloud nativ architectur save percent infrastructur cost educ self taught softwar engin bootcamp code profession summari result driven softwar engin profession year progress experi proven abil deliv result collabor effect drive continu improv strong commun leadership analyt skill passion innov
cv_243,melissa sanchez senior profession year experi market field skill expertis digit market social media market content market email market search engin optim seo search engin market sem googl ad facebook ad instagram market brand manag market strategi custom acquisit lead gener convers optim profession experi built market autom system reduc manual work percent conduct market research inform product roadmap establish influenc partnership reach million potenti custom educ bachelor degre journal commun public relat profession summari result driven market profession year progress experi proven abil deliv result collabor effect drive continu improv strong commun leadership analyt skill passion innov
cv_244,chen morri mid level profession year experi financ field skill expertis corpor financ valuat discount cash flow dcf merger acquisit due dilig risk manag complianc regulatori report gaap ifr audit intern control sox complianc tax plan treasuri manag work capit manag profession experi led team analyst produc quarterli financi report develop risk manag framework adopt compani wide identifi invest opportun gener percent annual return educ master degre financi engin quantit financ profession summari result driven financ profession year progress experi proven abil deliv result collabor effect drive continu improv strong commun leadership analyt skill passion innov
cv_245,brandon roger junior profession year experi human resourc field skill expertis labor relat employ law complianc payrol administr leav manag conflict resolut disciplinari procedur termin offboard analyt peopl analyt employe survey cultur build team build leadership develop coach mentor profession experi negoti new union contract maintain posit labor relat implement hri system streamlin process save hour manual work annual educ profession human resourc phr senior profession human resourc sphr profession summari result driven human resourc profession year progress experi proven abil deliv result collabor effect drive continu improv strong commun leadership analyt skill passion innov
cv_246,jasmin reed princip profession year experi healthcar field skill expertis medic code bill icd cpt healthcar administr hospit oper qualiti improv patient safeti infect control evid base practic clinic research biostatist public health epidemiolog health polici healthcar informat telemedicin profession experi implement telehealth program serv patient monthli pandem maintain care continu develop triag protocol reduc emerg depart wait time percent educ bachelor degre nurs regist nurs profession summari result driven healthcar profession year progress experi proven abil deliv result collabor effect drive continu improv strong commun leadership analyt skill passion innov
cv_247,arjun cook staff profession year experi educ field skill expertis curriculum develop lesson plan classroom manag student assess differenti instruct special educ english languag learner student engag activ learn cooper learn project base learn technolog integr profession experi design onlin learn platform use student conduct action research publish educ journal creat inclus classroom achiev percent student engag educ doctor educ edd phd educ psycholog profession summari result driven educ profession year progress experi proven abil deliv result collabor effect drive continu improv strong commun leadership analyt skill passion innov
cv_248,timothi morgan mid level profession year experi sale field skill expertis sale strategi sale forecast sale analyt competit intellig product knowledg technic sale demo present proof concept propos write contract negoti sale oper sale enabl sale train coach team leadership profession experi close largest deal compani histori valu million dollar expand exist account grow annual contract million educ bachelor degre busi administr sale market profession summari result driven sale profession year progress experi proven abil deliv result collabor effect drive continu improv strong commun leadership analyt skill passion innov
cv_249,joshua bell staff profession year experi project manag field skill expertis okr goal set strateg plan roadmap develop product roadmap technolog roadmap digit transform innov manag design think human center design servic design process redesign autom robot process autom rpa profession experi deliv million dollar erp implement time budget manag cross function team peopl across countri implement agil reduc deliveri time percent educ master degre project manag mba oper manag profession summari result driven project manag profession year progress experi proven abil deliv result collabor effect drive continu improv strong commun leadership analyt skill passion innov
cv_250,miguel murphi lead profession year experi cybersecur field skill expertis network secur inform secur penetr test vulner assess ethic hack firewal intrus detect prevent system siem endpoint protect antiviru malwar analysi threat intellig profession experi led secur architectur cloud migrat ensur zero secur incid design ident access manag system employe reduc insid threat risk percent educ master degre inform secur cybersecur network secur profession summari result driven cybersecur profession year progress experi proven abil deliv result collabor effect drive continu improv strong commun leadership analyt skill passion innov
job_001,lead data scienc posit lead compani seek experienc data scientist join team requir includ python machin learn deep learn tensorflow pytorch scikit learn panda numpi statist model regress classif cluster natur languag process data visual sql big data spark featur engin model deploy mlop cloud comput respons includ develop machin learn model analyz larg dataset build data pipelin present find stakehold minimum year experi requir master degre prefer
job_002,lead data scienc posit lead compani seek experienc data scientist join team requir includ python machin learn deep learn tensorflow pytorch scikit learn panda numpi statist model regress classif cluster natur languag process data visual sql big data spark featur engin model deploy mlop cloud comput respons includ develop machin learn model analyz larg dataset build data pipelin present find stakehold minimum year experi requir master degre prefer
job_003,senior data scienc posit lead compani seek experienc data scientist join team requir includ python machin learn deep learn tensorflow pytorch scikit learn panda numpi statist model regress classif cluster natur languag process data visual sql big data spark featur engin model deploy mlop cloud comput respons includ develop machin learn model analyz larg dataset build data pipelin present find stakehold minimum year experi requir master degre prefer
job_004,mid level softwar engin posit lead compani full stack softwar engin need requir includ javascript typescript react nodej python django rest api docker kubernet microservic postgresql mongodb redi git devop cloud servic respons includ develop web applic build scalabl backend system conduct code review collabor product team minimum year experi bachelor degre comput scienc requir
job_005,senior softwar engin posit lead compani full stack softwar engin need requir includ javascript typescript react nodej python django rest api docker kubernet microservic postgresql mongodb redi git devop cloud servic respons includ develop web applic build scalabl backend system conduct code review collabor product team minimum year experi bachelor degre comput scienc requir
job_006,senior softwar engin posit lead compani full stack softwar engin need requir includ javascript typescript react nodej python django rest api docker kubernet microservic postgresql mongodb redi git devop cloud servic respons includ develop web applic build scalabl backend system conduct code review collabor product team minimum year experi bachelor degre comput scienc requir
job_007,senior market posit lead compani digit market manag posit avail requir includ digit market social media seo sem googl ad facebook ad content market email market autom hubspot salesforc crm analyt brand manag respons includ manag digit campaign develop content strategi grow social media presenc analyz perform minimum year experi requir
job_008,junior market posit lead compani digit market manag posit avail requir includ digit market social media seo sem googl ad facebook ad content market email market autom hubspot salesforc crm analyt brand manag respons includ manag digit campaign develop content strategi grow social media presenc analyz perform minimum year experi requir
job_009,junior market posit lead compani digit market manag posit avail requir includ digit market social media seo sem googl ad facebook ad content market email market autom hubspot salesforc crm analyt brand manag respons includ manag digit campaign develop content strategi grow social media presenc analyz perform minimum year experi requir
job_010,mid level financ posit lead compani financi analyst role grow firm requir includ financi model excel account financi report analysi budget forecast bloomberg financi market invest analysi portfolio manag valuat respons includ prepar financi model analyz opportun present manag monitor perform minimum year experi requir
job_011,mid level financ posit lead compani financi analyst role grow firm requir includ financi model excel account financi report analysi budget forecast bloomberg financi market invest analysi portfolio manag valuat respons includ prepar financi model analyz opportun present manag monitor perform minimum year experi requir
job_012,junior financ posit lead compani financi analyst role grow firm requir includ financi model excel account financi report analysi budget forecast bloomberg financi market invest analysi portfolio manag valuat respons includ prepar financi model analyz opportun present manag monitor perform minimum year experi requir
job_013,junior human resourc posit lead compani busi partner need requir includ talent acquisit recruit perform manag compens benefit hri workday employe relat polici complianc train develop workforc plan respons includ partner busi leader manag recruit handl employe relat ensur complianc minimum year experi requir
job_014,senior human resourc posit lead compani busi partner need requir includ talent acquisit recruit perform manag compens benefit hri workday employe relat polici complianc train develop workforc plan respons includ partner busi leader manag recruit handl employe relat ensur complianc minimum year experi requir
job_015,lead human resourc posit lead compani busi partner need requir includ talent acquisit recruit perform manag compens benefit hri workday employe relat polici complianc train develop workforc plan respons includ partner busi leader manag recruit handl employe relat ensur complianc minimum year experi requir
job_016,lead healthcar posit lead compani clinic profession posit open requir includ patient care clinic document electron health record ehr medic terminolog pharmacolog nurs diagnosi treatment plan medic administr patient assess hipaa complianc respons includ provid patient care maintain document coordin medic team licens certif requir
job_017,lead healthcar posit lead compani clinic profession posit open requir includ patient care clinic document electron health record ehr medic terminolog pharmacolog nurs diagnosi treatment plan medic administr patient assess hipaa complianc respons includ provid patient care maintain document coordin medic team licens certif requir
job_018,lead healthcar posit lead compani clinic profession posit open requir includ patient care clinic document electron health record ehr medic terminolog pharmacolog nurs diagnosi treatment plan medic administr patient assess hipaa complianc respons includ provid patient care maintain document coordin medic team licens certif requir
job_019,lead educ posit lead compani educ posit avail requir includ curriculum develop lesson plan classroom manag student assess differenti instruct technolog integr educ psycholog learn theori behavior manag respons includ develop curriculum deliv instruct assess student progress teach certif requir
job_020,senior educ posit lead compani educ posit avail requir includ curriculum develop lesson plan classroom manag student assess differenti instruct technolog integr educ psycholog learn theori behavior manag respons includ develop curriculum deliv instruct assess student progress teach certif requir
job_021,mid level educ posit lead compani educ posit avail requir includ curriculum develop lesson plan classroom manag student assess differenti instruct technolog integr educ psycholog learn theori behavior manag respons includ develop curriculum deliv instruct assess student progress teach certif requir
job_022,junior sale posit lead compani account execut posit requir includ sale account manag busi develop prospect lead qualif sale pipelin crm salesforc present negoti close custom relationship manag respons includ manag account develop new busi present solut minimum year sale experi quota achiev requir
job_023,senior sale posit lead compani account execut posit requir includ sale account manag busi develop prospect lead qualif sale pipelin crm salesforc present negoti close custom relationship manag respons includ manag account develop new busi present solut minimum year sale experi quota achiev requir
job_024,lead sale posit lead compani account execut posit requir includ sale account manag busi develop prospect lead qualif sale pipelin crm salesforc present negoti close custom relationship manag respons includ manag account develop new busi present solut minimum year sale experi quota achiev requir
job_025,junior project manag posit lead compani project manag need requir includ project plan schedul resourc alloc budget manag risk manag stakehold manag agil scrum kanban pmp certif microsoft project jira respons includ lead project manag team ensur deliveri within scope budget schedul pmp prefer minimum year experi
job_026,senior project manag posit lead compani project manag need requir includ project plan schedul resourc alloc budget manag risk manag stakehold manag agil scrum kanban pmp certif microsoft project jira respons includ lead project manag team ensur deliveri within scope budget schedul pmp prefer minimum year experi
job_027,lead project manag posit lead compani project manag need requir includ project plan schedul resourc alloc budget manag risk manag stakehold manag agil scrum kanban pmp certif microsoft project jira respons includ lead project manag team ensur deliveri within scope budget schedul pmp prefer minimum year experi
job_028,senior cybersecur posit lead compani cybersecur engin posit requir includ network secur penetr test vulner assess ethic hack firewal intrus detect siem endpoint protect malwar analysi threat intellig cloud secur applic secur respons includ monitor secur system respond incid conduct assess cissp ceh prefer
job_029,junior cybersecur posit lead compani cybersecur engin posit requir includ network secur penetr test vulner assess ethic hack firewal intrus detect siem endpoint protect malwar analysi threat intellig cloud secur applic secur respons includ monitor secur system respond incid conduct assess cissp ceh prefer
job_030,mid level cybersecur posit lead compani cybersecur engin posit requir includ network secur penetr test vulner assess ethic hack firewal intrus detect siem endpoint protect malwar analysi threat intellig cloud secur applic secur respons includ monitor secur system respond incid conduct assess cissp ceh prefer
